country,year,value,units
Australia,1990,1255869.148687947,Kilotonne CO2 Equivalent
Australia,1991,1256022.1724815858,Kilotonne CO2 Equivalent
Australia,1992,1269240.324573761,Kilotonne CO2 Equivalent
Australia,1993,1271294.7976927564,Kilotonne CO2 Equivalent
Australia,1994,1272278.878117681,Kilotonne CO2 Equivalent
Australia,1995,1300435.952477564,Kilotonne CO2 Equivalent
Australia,1996,1319411.886684756,Kilotonne CO2 Equivalent
Australia,1997,1355165.1534439982,Kilotonne CO2 Equivalent
Australia,1998,1399146.3374154416,Kilotonne CO2 Equivalent
Australia,1999,1416737.9723328,Kilotonne CO2 Equivalent
Australia,2000,1450337.4799944693,Kilotonne CO2 Equivalent
Australia,2001,1474325.0878114267,Kilotonne CO2 Equivalent
Australia,2002,1484220.3023302017,Kilotonne CO2 Equivalent
Australia,2003,1485462.2579004087,Kilotonne CO2 Equivalent
Australia,2004,1535130.726062472,Kilotonne CO2 Equivalent
Australia,2005,1556552.2783871244,Kilotonne CO2 Equivalent
Australia,2006,1567551.5749898553,Kilotonne CO2 Equivalent
Australia,2007,1589528.6110274524,Kilotonne CO2 Equivalent
Australia,2008,1601080.5246221307,Kilotonne CO2 Equivalent
Australia,2009,1613669.677870851,Kilotonne CO2 Equivalent
Australia,2010,1601752.3088861704,Kilotonne CO2 Equivalent
Australia,2011,1602269.3960541268,Kilotonne CO2 Equivalent
Australia,2012,1612132.7143584145,Kilotonne CO2 Equivalent
Australia,2013,1580648.001799779,Kilotonne CO2 Equivalent
Australia,2014,1567191.272134041,Kilotonne CO2 Equivalent
Austria,1990,236533.88177860703,Kilotonne CO2 Equivalent
Austria,1991,247910.71039820582,Kilotonne CO2 Equivalent
Austria,1992,227792.98729546988,Kilotonne CO2 Equivalent
Austria,1993,227964.68112945362,Kilotonne CO2 Equivalent
Austria,1994,229510.45586354134,Kilotonne CO2 Equivalent
Austria,1995,239439.10360798682,Kilotonne CO2 Equivalent
Austria,1996,249026.41890026964,Kilotonne CO2 Equivalent
Austria,1997,247423.17609325534,Kilotonne CO2 Equivalent
Austria,1998,245312.51866893843,Kilotonne CO2 Equivalent
Austria,1999,240320.1515277396,Kilotonne CO2 Equivalent
Austria,2000,241288.03017895354,Kilotonne CO2 Equivalent
Austria,2001,253142.42065631226,Kilotonne CO2 Equivalent
Austria,2002,258388.63931587653,Kilotonne CO2 Equivalent
Austria,2003,276055.4434234817,Kilotonne CO2 Equivalent
Austria,2004,275507.68272308464,Kilotonne CO2 Equivalent
Austria,2005,278431.4615908602,Kilotonne CO2 Equivalent
Austria,2006,269943.0638489205,Kilotonne CO2 Equivalent
Austria,2007,261723.46359168814,Kilotonne CO2 Equivalent
Austria,2008,261303.40403138698,Kilotonne CO2 Equivalent
Austria,2009,240571.95431345468,Kilotonne CO2 Equivalent
Austria,2010,254838.05912930937,Kilotonne CO2 Equivalent
Austria,2011,247879.91405669073,Kilotonne CO2 Equivalent
Austria,2012,239691.34530653764,Kilotonne CO2 Equivalent
Austria,2013,240127.62552242875,Kilotonne CO2 Equivalent
Austria,2014,228997.85575797514,Kilotonne CO2 Equivalent
Belarus,1990,400371.486036261,Kilotonne CO2 Equivalent
Belarus,1991,376803.158783418,Kilotonne CO2 Equivalent
Belarus,1992,349766.05939373403,Kilotonne CO2 Equivalent
Belarus,1993,311854.575768057,Kilotonne CO2 Equivalent
Belarus,1994,264619.0702206,Kilotonne CO2 Equivalent
Belarus,1995,241109.347036197,Kilotonne CO2 Equivalent
Belarus,1996,247125.582658032,Kilotonne CO2 Equivalent
Belarus,1997,258847.517811546,Kilotonne CO2 Equivalent
Belarus,1998,248006.494685913,Kilotonne CO2 Equivalent
Belarus,1999,238493.52617012998,Kilotonne CO2 Equivalent
Belarus,2000,233879.174877969,Kilotonne CO2 Equivalent
Belarus,2001,233765.4827745,Kilotonne CO2 Equivalent
Belarus,2002,230051.60365545,Kilotonne CO2 Equivalent
Belarus,2003,237476.156466081,Kilotonne CO2 Equivalent
Belarus,2004,251064.898702008,Kilotonne CO2 Equivalent
Belarus,2005,256788.296098566,Kilotonne CO2 Equivalent
Belarus,2006,268348.966338834,Kilotonne CO2 Equivalent
Belarus,2007,266761.925844264,Kilotonne CO2 Equivalent
Belarus,2008,277093.04691532796,Kilotonne CO2 Equivalent
Belarus,2009,267670.96877697,Kilotonne CO2 Equivalent
Belarus,2010,273550.648074468,Kilotonne CO2 Equivalent
Belarus,2011,275015.18102871603,Kilotonne CO2 Equivalent
Belarus,2012,272775.343745811,Kilotonne CO2 Equivalent
Belarus,2013,279111.73633998004,Kilotonne CO2 Equivalent
Belarus,2014,275686.93967345404,Kilotonne CO2 Equivalent
Belgium,1990,438063.7102817468,Kilotonne CO2 Equivalent
Belgium,1991,446477.0982253166,Kilotonne CO2 Equivalent
Belgium,1992,445154.1804508672,Kilotonne CO2 Equivalent
Belgium,1993,442180.1838932549,Kilotonne CO2 Equivalent
Belgium,1994,455647.11757978785,Kilotonne CO2 Equivalent
Belgium,1995,462060.8811106165,Kilotonne CO2 Equivalent
Belgium,1996,472970.06134884025,Kilotonne CO2 Equivalent
Belgium,1997,447490.36774149624,Kilotonne CO2 Equivalent
Belgium,1998,463021.17860359786,Kilotonne CO2 Equivalent
Belgium,1999,444187.3308584162,Kilotonne CO2 Equivalent
Belgium,2000,447639.05173639423,Kilotonne CO2 Equivalent
Belgium,2001,442878.40045878623,Kilotonne CO2 Equivalent
Belgium,2002,441721.0958403901,Kilotonne CO2 Equivalent
Belgium,2003,442737.2090826187,Kilotonne CO2 Equivalent
Belgium,2004,446914.2142963888,Kilotonne CO2 Equivalent
Belgium,2005,434409.24609093904,Kilotonne CO2 Equivalent
Belgium,2006,423140.1225203583,Kilotonne CO2 Equivalent
Belgium,2007,409354.0178075432,Kilotonne CO2 Equivalent
Belgium,2008,416248.8781705951,Kilotonne CO2 Equivalent
Belgium,2009,377435.4060914008,Kilotonne CO2 Equivalent
Belgium,2010,399775.21698521404,Kilotonne CO2 Equivalent
Belgium,2011,368500.18653695117,Kilotonne CO2 Equivalent
Belgium,2012,356284.0145696615,Kilotonne CO2 Equivalent
Belgium,2013,358125.9045463415,Kilotonne CO2 Equivalent
Belgium,2014,341599.857001623,Kilotonne CO2 Equivalent
Bulgaria,1990,206901.56830180634,Kilotonne CO2 Equivalent
Bulgaria,1991,163852.03873481543,Kilotonne CO2 Equivalent
Bulgaria,1992,154398.69235698937,Kilotonne CO2 Equivalent
Bulgaria,1993,152390.5982581639,Kilotonne CO2 Equivalent
Bulgaria,1994,145531.2302044734,Kilotonne CO2 Equivalent
Bulgaria,1995,148524.16018870097,Kilotonne CO2 Equivalent
Bulgaria,1996,148762.17489819502,Kilotonne CO2 Equivalent
Bulgaria,1997,141808.84358210984,Kilotonne CO2 Equivalent
Bulgaria,1998,133697.32928247188,Kilotonne CO2 Equivalent
Bulgaria,1999,120180.21547860382,Kilotonne CO2 Equivalent
Bulgaria,2000,118310.11249677622,Kilotonne CO2 Equivalent
Bulgaria,2001,124442.6716636342,Kilotonne CO2 Equivalent
Bulgaria,2002,118564.01172933327,Kilotonne CO2 Equivalent
Bulgaria,2003,128042.7330131688,Kilotonne CO2 Equivalent
Bulgaria,2004,126461.45902239338,Kilotonne CO2 Equivalent
Bulgaria,2005,126917.80553335237,Kilotonne CO2 Equivalent
Bulgaria,2006,128236.79111486983,Kilotonne CO2 Equivalent
Bulgaria,2007,135884.83725758386,Kilotonne CO2 Equivalent
Bulgaria,2008,133450.6187144602,Kilotonne CO2 Equivalent
Bulgaria,2009,115671.9454709168,Kilotonne CO2 Equivalent
Bulgaria,2010,121038.39255695265,Kilotonne CO2 Equivalent
Bulgaria,2011,131715.2081693372,Kilotonne CO2 Equivalent
Bulgaria,2012,121446.98203036223,Kilotonne CO2 Equivalent
Bulgaria,2013,111194.05149285804,Kilotonne CO2 Equivalent
Bulgaria,2014,115615.18593928436,Kilotonne CO2 Equivalent
Canada,1990,1842640.2139184163,Kilotonne CO2 Equivalent
Canada,1991,1822957.361146,Kilotonne CO2 Equivalent
Canada,1992,1870661.5256239884,Kilotonne CO2 Equivalent
Canada,1993,1880636.5836397046,Kilotonne CO2 Equivalent
Canada,1994,1945015.5599603725,Kilotonne CO2 Equivalent
Canada,1995,2018992.9621786582,Kilotonne CO2 Equivalent
Canada,1996,2060077.0752175753,Kilotonne CO2 Equivalent
Canada,1997,2103451.2352213124,Kilotonne CO2 Equivalent
Canada,1998,2144145.16361893,Kilotonne CO2 Equivalent
Canada,1999,2172761.608479017,Kilotonne CO2 Equivalent
Canada,2000,2234472.454935227,Kilotonne CO2 Equivalent
Canada,2001,2204106.682345553,Kilotonne CO2 Equivalent
Canada,2002,2224670.0536170467,Kilotonne CO2 Equivalent
Canada,2003,2276049.1926285084,Kilotonne CO2 Equivalent
Canada,2004,2282171.5985999857,Kilotonne CO2 Equivalent
Canada,2005,2248813.1662346018,Kilotonne CO2 Equivalent
Canada,2006,2222501.190520699,Kilotonne CO2 Equivalent
Canada,2007,2282884.166598291,Kilotonne CO2 Equivalent
Canada,2008,2221593.1146795773,Kilotonne CO2 Equivalent
Canada,2009,2094722.8128129486,Kilotonne CO2 Equivalent
Canada,2010,2130983.8272597073,Kilotonne CO2 Equivalent
Canada,2011,2142391.4465276045,Kilotonne CO2 Equivalent
Canada,2012,2166169.6625267253,Kilotonne CO2 Equivalent
Canada,2013,2200271.314399485,Kilotonne CO2 Equivalent
Canada,2014,2212009.6390272607,Kilotonne CO2 Equivalent
Croatia,1990,93613.89379052189,Kilotonne CO2 Equivalent
Croatia,1991,73226.05135748578,Kilotonne CO2 Equivalent
Croatia,1992,67614.10170095699,Kilotonne CO2 Equivalent
Croatia,1993,67974.88345051944,Kilotonne CO2 Equivalent
Croatia,1994,65138.291930278865,Kilotonne CO2 Equivalent
Croatia,1995,66888.50174809528,Kilotonne CO2 Equivalent
Croatia,1996,68648.8894497804,Kilotonne CO2 Equivalent
Croatia,1997,72378.82129600731,Kilotonne CO2 Equivalent
Croatia,1998,73379.13253875686,Kilotonne CO2 Equivalent
Croatia,1999,76557.25009627642,Kilotonne CO2 Equivalent
Croatia,2000,75518.88856778196,Kilotonne CO2 Equivalent
Croatia,2001,79182.13703334989,Kilotonne CO2 Equivalent
Croatia,2002,82260.28971691358,Kilotonne CO2 Equivalent
Croatia,2003,86348.4639780579,Kilotonne CO2 Equivalent
Croatia,2004,86627.95430210787,Kilotonne CO2 Equivalent
Croatia,2005,87857.25473589062,Kilotonne CO2 Equivalent
Croatia,2006,88667.04668672403,Kilotonne CO2 Equivalent
Croatia,2007,92918.7362696277,Kilotonne CO2 Equivalent
Croatia,2008,89477.84159837312,Kilotonne CO2 Equivalent
Croatia,2009,83727.37708679846,Kilotonne CO2 Equivalent
Croatia,2010,81840.68950487093,Kilotonne CO2 Equivalent
Croatia,2011,80321.47901729067,Kilotonne CO2 Equivalent
Croatia,2012,74203.94945923974,Kilotonne CO2 Equivalent
Croatia,2013,71311.65830580569,Kilotonne CO2 Equivalent
Croatia,2014,68696.6344784445,Kilotonne CO2 Equivalent
Cyprus,1990,16873.9497660012,Kilotonne CO2 Equivalent
Cyprus,1991,18364.587003452998,Kilotonne CO2 Equivalent
Cyprus,1992,19677.9919064298,Kilotonne CO2 Equivalent
Cyprus,1993,20576.22206196768,Kilotonne CO2 Equivalent
Cyprus,1994,21309.39803509338,Kilotonne CO2 Equivalent
Cyprus,1995,21140.797831896092,Kilotonne CO2 Equivalent
Cyprus,1996,22030.613640587013,Kilotonne CO2 Equivalent
Cyprus,1997,22419.285274807113,Kilotonne CO2 Equivalent
Cyprus,1998,23398.67777203539,Kilotonne CO2 Equivalent
Cyprus,1999,24177.25017313212,Kilotonne CO2 Equivalent
Cyprus,2000,24980.657202225328,Kilotonne CO2 Equivalent
Cyprus,2001,24847.64421246435,Kilotonne CO2 Equivalent
Cyprus,2002,25557.24420849834,Kilotonne CO2 Equivalent
Cyprus,2003,26743.74927821571,Kilotonne CO2 Equivalent
Cyprus,2004,27433.114266638368,Kilotonne CO2 Equivalent
Cyprus,2005,27923.94167783583,Kilotonne CO2 Equivalent
Cyprus,2006,28702.641579224848,Kilotonne CO2 Equivalent
Cyprus,2007,29739.70384997595,Kilotonne CO2 Equivalent
Cyprus,2008,30279.80990397484,Kilotonne CO2 Equivalent
Cyprus,2009,29616.55106496951,Kilotonne CO2 Equivalent
Cyprus,2010,28714.97166138681,Kilotonne CO2 Equivalent
Cyprus,2011,27888.48939105852,Kilotonne CO2 Equivalent
Cyprus,2012,26308.09807769526,Kilotonne CO2 Equivalent
Cyprus,2013,24060.29540991141,Kilotonne CO2 Equivalent
Cyprus,2014,25361.30223989091,Kilotonne CO2 Equivalent
Czech Republic,1990,591639.0959417451,Kilotonne CO2 Equivalent
Czech Republic,1991,534906.7546294298,Kilotonne CO2 Equivalent
Czech Republic,1992,514322.4312667286,Kilotonne CO2 Equivalent
Czech Republic,1993,490800.274146995,Kilotonne CO2 Equivalent
Czech Republic,1994,467329.0748498481,Kilotonne CO2 Equivalent
Czech Republic,1995,468609.8272210121,Kilotonne CO2 Equivalent
Czech Republic,1996,475102.39350925403,Kilotonne CO2 Equivalent
Czech Republic,1997,463296.3435806595,Kilotonne CO2 Equivalent
Czech Republic,1998,445683.9382240265,Kilotonne CO2 Equivalent
Czech Republic,1999,418534.4638118685,Kilotonne CO2 Equivalent
Czech Republic,2000,447003.057609746,Kilotonne CO2 Equivalent
Czech Republic,2001,445656.66233206046,Kilotonne CO2 Equivalent
Czech Republic,2002,434819.65788232844,Kilotonne CO2 Equivalent
Czech Republic,2003,444882.58969343,Kilotonne CO2 Equivalent
Czech Republic,2004,447263.890333548,Kilotonne CO2 Equivalent
Czech Republic,2005,440713.3435734249,Kilotonne CO2 Equivalent
Czech Republic,2006,446058.0768672498,Kilotonne CO2 Equivalent
Czech Republic,2007,448624.0674411244,Kilotonne CO2 Equivalent
Czech Republic,2008,434731.33258326654,Kilotonne CO2 Equivalent
Czech Republic,2009,409422.6577372458,Kilotonne CO2 Equivalent
Czech Republic,2010,415601.7874116127,Kilotonne CO2 Equivalent
Czech Republic,2011,411956.0054528744,Kilotonne CO2 Equivalent
Czech Republic,2012,399509.4058682075,Kilotonne CO2 Equivalent
Czech Republic,2013,387732.2823259193,Kilotonne CO2 Equivalent
Czech Republic,2014,373524.39210228785,Kilotonne CO2 Equivalent
Denmark,1990,211961.2455179528,Kilotonne CO2 Equivalent
Denmark,1991,243955.4394048053,Kilotonne CO2 Equivalent
Denmark,1992,226310.3791963019,Kilotonne CO2 Equivalent
Denmark,1993,231990.34594671987,Kilotonne CO2 Equivalent
Denmark,1994,243858.81825084228,Kilotonne CO2 Equivalent
Denmark,1995,234668.51145215696,Kilotonne CO2 Equivalent
Denmark,1996,273608.7002828979,Kilotonne CO2 Equivalent
Denmark,1997,244688.17799355747,Kilotonne CO2 Equivalent
Denmark,1998,232084.23542163652,Kilotonne CO2 Equivalent
Denmark,1999,224679.1962288087,Kilotonne CO2 Equivalent
Denmark,2000,211269.70912524828,Kilotonne CO2 Equivalent
Denmark,2001,216567.72449676378,Kilotonne CO2 Equivalent
Denmark,2002,215153.75266806292,Kilotonne CO2 Equivalent
Denmark,2003,230043.03213862577,Kilotonne CO2 Equivalent
Denmark,2004,211686.37382464143,Kilotonne CO2 Equivalent
Denmark,2005,198311.23149326473,Kilotonne CO2 Equivalent
Denmark,2006,221566.6689676837,Kilotonne CO2 Equivalent
Denmark,2007,207669.26501569714,Kilotonne CO2 Equivalent
Denmark,2008,196635.7351422796,Kilotonne CO2 Equivalent
Denmark,2009,188059.219088424,Kilotonne CO2 Equivalent
Denmark,2010,189387.84747234374,Kilotonne CO2 Equivalent
Denmark,2011,173724.85579179862,Kilotonne CO2 Equivalent
Denmark,2012,159276.35059038052,Kilotonne CO2 Equivalent
Denmark,2013,165403.71984395047,Kilotonne CO2 Equivalent
Denmark,2014,152777.25785415195,Kilotonne CO2 Equivalent
Estonia,1990,119895.50615489091,Kilotonne CO2 Equivalent
Estonia,1991,110383.68776000763,Kilotonne CO2 Equivalent
Estonia,1992,80629.44194080471,Kilotonne CO2 Equivalent
Estonia,1993,63005.91373212026,Kilotonne CO2 Equivalent
Estonia,1994,65139.48977250124,Kilotonne CO2 Equivalent
Estonia,1995,59804.37175035933,Kilotonne CO2 Equivalent
Estonia,1996,61895.25797016447,Kilotonne CO2 Equivalent
Estonia,1997,60786.47520311459,Kilotonne CO2 Equivalent
Estonia,1998,56117.47046390129,Kilotonne CO2 Equivalent
Estonia,1999,52075.50141713821,Kilotonne CO2 Equivalent
Estonia,2000,51185.55773110467,Kilotonne CO2 Equivalent
Estonia,2001,52419.0691456518,Kilotonne CO2 Equivalent
Estonia,2002,50790.27219086522,Kilotonne CO2 Equivalent
Estonia,2003,56347.09410773641,Kilotonne CO2 Equivalent
Estonia,2004,57166.462439063995,Kilotonne CO2 Equivalent
Estonia,2005,54893.02406144965,Kilotonne CO2 Equivalent
Estonia,2006,53059.3968048657,Kilotonne CO2 Equivalent
Estonia,2007,62450.80586290645,Kilotonne CO2 Equivalent
Estonia,2008,58123.87198133396,Kilotonne CO2 Equivalent
Estonia,2009,48545.89618009804,Kilotonne CO2 Equivalent
Estonia,2010,59735.04564265044,Kilotonne CO2 Equivalent
Estonia,2011,61455.10811676207,Kilotonne CO2 Equivalent
Estonia,2012,58269.97608475139,Kilotonne CO2 Equivalent
Estonia,2013,65030.11897707007,Kilotonne CO2 Equivalent
Estonia,2014,63177.72040878118,Kilotonne CO2 Equivalent
Finland,1990,213492.55346573135,Kilotonne CO2 Equivalent
Finland,1991,206717.6532164896,Kilotonne CO2 Equivalent
Finland,1992,202499.7105929621,Kilotonne CO2 Equivalent
Finland,1993,209250.83071003412,Kilotonne CO2 Equivalent
Finland,1994,225773.98271222587,Kilotonne CO2 Equivalent
Finland,1995,215137.02452596975,Kilotonne CO2 Equivalent
Finland,1996,232528.15339511793,Kilotonne CO2 Equivalent
Finland,1997,228293.5881518153,Kilotonne CO2 Equivalent
Finland,1998,217305.7660761415,Kilotonne CO2 Equivalent
Finland,1999,215427.06319442173,Kilotonne CO2 Equivalent
Finland,2000,209719.5258806116,Kilotonne CO2 Equivalent
Finland,2001,225666.83338373745,Kilotonne CO2 Equivalent
Finland,2002,232941.36959490614,Kilotonne CO2 Equivalent
Finland,2003,255384.45697814712,Kilotonne CO2 Equivalent
Finland,2004,244035.2102218698,Kilotonne CO2 Equivalent
Finland,2005,208402.0046461175,Kilotonne CO2 Equivalent
Finland,2006,241971.50692259762,Kilotonne CO2 Equivalent
Finland,2007,237405.38996940883,Kilotonne CO2 Equivalent
Finland,2008,213763.45587518835,Kilotonne CO2 Equivalent
Finland,2009,202820.88556562416,Kilotonne CO2 Equivalent
Finland,2010,227601.01108165723,Kilotonne CO2 Equivalent
Finland,2011,203928.11589693272,Kilotonne CO2 Equivalent
Finland,2012,187045.01806248963,Kilotonne CO2 Equivalent
Finland,2013,189670.09177015626,Kilotonne CO2 Equivalent
Finland,2014,177163.05133401172,Kilotonne CO2 Equivalent
France,1990,1649186.6312137225,Kilotonne CO2 Equivalent
France,1991,1727636.9353548558,Kilotonne CO2 Equivalent
France,1992,1694224.3022803927,Kilotonne CO2 Equivalent
France,1993,1626500.9188991901,Kilotonne CO2 Equivalent
France,1994,1623706.329533737,Kilotonne CO2 Equivalent
France,1995,1648198.362518763,Kilotonne CO2 Equivalent
France,1996,1692845.1959997762,Kilotonne CO2 Equivalent
France,1997,1673109.896842798,Kilotonne CO2 Equivalent
France,1998,1721827.2036862907,Kilotonne CO2 Equivalent
France,1999,1682767.1256895582,Kilotonne CO2 Equivalent
France,2000,1671138.5657252956,Kilotonne CO2 Equivalent
France,2001,1671242.294260676,Kilotonne CO2 Equivalent
France,2002,1653604.5910065882,Kilotonne CO2 Equivalent
France,2003,1673291.5098254678,Kilotonne CO2 Equivalent
France,2004,1665297.4677397213,Kilotonne CO2 Equivalent
France,2005,1675381.9797479298,Kilotonne CO2 Equivalent
France,2006,1640237.138180937,Kilotonne CO2 Equivalent
France,2007,1613736.5500647903,Kilotonne CO2 Equivalent
France,2008,1593274.7680206257,Kilotonne CO2 Equivalent
France,2009,1531903.1979592245,Kilotonne CO2 Equivalent
France,2010,1557851.5997468745,Kilotonne CO2 Equivalent
France,2011,1475731.7351717092,Kilotonne CO2 Equivalent
France,2012,1479778.5746710333,Kilotonne CO2 Equivalent
France,2013,1474470.4259190864,Kilotonne CO2 Equivalent
France,2014,1394205.1176813042,Kilotonne CO2 Equivalent
Germany,1990,3749485.9461038695,Kilotonne CO2 Equivalent
Germany,1991,3609657.7678673696,Kilotonne CO2 Equivalent
Germany,1992,3458700.9846251365,Kilotonne CO2 Equivalent
Germany,1993,3431024.706917397,Kilotonne CO2 Equivalent
Germany,1994,3372772.5988892703,Kilotonne CO2 Equivalent
Germany,1995,3362831.7144026686,Kilotonne CO2 Equivalent
Germany,1996,3416302.974341282,Kilotonne CO2 Equivalent
Germany,1997,3312731.2610744657,Kilotonne CO2 Equivalent
Germany,1998,3235930.506132722,Kilotonne CO2 Equivalent
Germany,1999,3136259.126977978,Kilotonne CO2 Equivalent
Germany,2000,3129883.302948812,Kilotonne CO2 Equivalent
Germany,2001,3174210.3078817525,Kilotonne CO2 Equivalent
Germany,2002,3110827.3159121135,Kilotonne CO2 Equivalent
Germany,2003,3101182.9676025333,Kilotonne CO2 Equivalent
Germany,2004,3051882.08881692,Kilotonne CO2 Equivalent
Germany,2005,2975546.0612445683,Kilotonne CO2 Equivalent
Germany,2006,2997131.7012080727,Kilotonne CO2 Equivalent
Germany,2007,2915994.9786449727,Kilotonne CO2 Equivalent
Germany,2008,2921826.5139758703,Kilotonne CO2 Equivalent
Germany,2009,2719269.086176866,Kilotonne CO2 Equivalent
Germany,2010,2823116.073692196,Kilotonne CO2 Equivalent
Germany,2011,2765489.2305978113,Kilotonne CO2 Equivalent
Germany,2012,2779015.0849207826,Kilotonne CO2 Equivalent
Germany,2013,2835452.8439888875,Kilotonne CO2 Equivalent
Germany,2014,2705291.816407869,Kilotonne CO2 Equivalent
Greece,1990,314149.4762495156,Kilotonne CO2 Equivalent
Greece,1991,314303.5338866369,Kilotonne CO2 Equivalent
Greece,1992,318052.61577842967,Kilotonne CO2 Equivalent
Greece,1993,316695.9632356114,Kilotonne CO2 Equivalent
Greece,1994,325207.67529647093,Kilotonne CO2 Equivalent
Greece,1995,332112.33384735906,Kilotonne CO2 Equivalent
Greece,1996,341529.1373708638,Kilotonne CO2 Equivalent
Greece,1997,356047.360596942,Kilotonne CO2 Equivalent
Greece,1998,372866.6815337396,Kilotonne CO2 Equivalent
Greece,1999,373387.9321464484,Kilotonne CO2 Equivalent
Greece,2000,382711.8150357535,Kilotonne CO2 Equivalent
Greece,2001,384746.04746349546,Kilotonne CO2 Equivalent
Greece,2002,384482.9946697046,Kilotonne CO2 Equivalent
Greece,2003,394965.5503186081,Kilotonne CO2 Equivalent
Greece,2004,396858.07071009337,Kilotonne CO2 Equivalent
Greece,2005,407772.67832481256,Kilotonne CO2 Equivalent
Greece,2006,396195.77002372185,Kilotonne CO2 Equivalent
Greece,2007,404558.5268259304,Kilotonne CO2 Equivalent
Greece,2008,393599.8555921889,Kilotonne CO2 Equivalent
Greece,2009,374091.58590177307,Kilotonne CO2 Equivalent
Greece,2010,355879.5525683038,Kilotonne CO2 Equivalent
Greece,2011,346730.34987130156,Kilotonne CO2 Equivalent
Greece,2012,336259.3092720962,Kilotonne CO2 Equivalent
Greece,2013,313692.09374788165,Kilotonne CO2 Equivalent
Greece,2014,303894.55225443863,Kilotonne CO2 Equivalent
Hungary,1990,282401.91577535257,Kilotonne CO2 Equivalent
Hungary,1991,261903.2040147543,Kilotonne CO2 Equivalent
Hungary,1992,231936.51479938562,Kilotonne CO2 Equivalent
Hungary,1993,234404.66213354733,Kilotonne CO2 Equivalent
Hungary,1994,231078.3522286827,Kilotonne CO2 Equivalent
Hungary,1995,227117.3406378648,Kilotonne CO2 Equivalent
Hungary,1996,234047.8933589691,Kilotonne CO2 Equivalent
Hungary,1997,229661.4239979294,Kilotonne CO2 Equivalent
Hungary,1998,228201.16706651938,Kilotonne CO2 Equivalent
Hungary,1999,229831.48722647224,Kilotonne CO2 Equivalent
Hungary,2000,220670.07810774987,Kilotonne CO2 Equivalent
Hungary,2001,227038.04394170872,Kilotonne CO2 Equivalent
Hungary,2002,222460.73458901607,Kilotonne CO2 Equivalent
Hungary,2003,231577.2017341236,Kilotonne CO2 Equivalent
Hungary,2004,228379.3998876531,Kilotonne CO2 Equivalent
Hungary,2005,227799.83111868775,Kilotonne CO2 Equivalent
Hungary,2006,224640.91569595356,Kilotonne CO2 Equivalent
Hungary,2007,219274.85883990276,Kilotonne CO2 Equivalent
Hungary,2008,214021.1101013889,Kilotonne CO2 Equivalent
Hungary,2009,195248.7705430758,Kilotonne CO2 Equivalent
Hungary,2010,196571.06861866917,Kilotonne CO2 Equivalent
Hungary,2011,191424.04248564955,Kilotonne CO2 Equivalent
Hungary,2012,180320.6999184224,Kilotonne CO2 Equivalent
Hungary,2013,172661.49990739554,Kilotonne CO2 Equivalent
Hungary,2014,171675.4658316858,Kilotonne CO2 Equivalent
Iceland,1990,10900.674026681187,Kilotonne CO2 Equivalent
Iceland,1991,10390.31337087348,Kilotonne CO2 Equivalent
Iceland,1992,10025.96171917155,Kilotonne CO2 Equivalent
Iceland,1993,10177.689175154823,Kilotonne CO2 Equivalent
Iceland,1994,9985.11305968098,Kilotonne CO2 Equivalent
Iceland,1995,10167.002905123796,Kilotonne CO2 Equivalent
Iceland,1996,10416.551650316369,Kilotonne CO2 Equivalent
Iceland,1997,10832.573971998725,Kilotonne CO2 Equivalent
Iceland,1998,11264.323094240852,Kilotonne CO2 Equivalent
Iceland,1999,11942.548024047994,Kilotonne CO2 Equivalent
Iceland,2000,11888.318419396976,Kilotonne CO2 Equivalent
Iceland,2001,11734.050727609083,Kilotonne CO2 Equivalent
Iceland,2002,11810.703015141418,Kilotonne CO2 Equivalent
Iceland,2003,11755.778089182204,Kilotonne CO2 Equivalent
Iceland,2004,11820.364246948076,Kilotonne CO2 Equivalent
Iceland,2005,11693.063513087642,Kilotonne CO2 Equivalent
Iceland,2006,13362.10495777257,Kilotonne CO2 Equivalent
Iceland,2007,14144.454925599726,Kilotonne CO2 Equivalent
Iceland,2008,15421.008490210283,Kilotonne CO2 Equivalent
Iceland,2009,14567.316927202475,Kilotonne CO2 Equivalent
Iceland,2010,14191.05428917203,Kilotonne CO2 Equivalent
Iceland,2011,13560.66259073049,Kilotonne CO2 Equivalent
Iceland,2012,13651.210439354581,Kilotonne CO2 Equivalent
Iceland,2013,13603.988504631634,Kilotonne CO2 Equivalent
Iceland,2014,13790.541988299807,Kilotonne CO2 Equivalent
Ireland,1990,168344.22426027473,Kilotonne CO2 Equivalent
Ireland,1991,170557.3181641832,Kilotonne CO2 Equivalent
Ireland,1992,170507.63686568692,Kilotonne CO2 Equivalent
Ireland,1993,171331.32840279603,Kilotonne CO2 Equivalent
Ireland,1994,175188.36616495554,Kilotonne CO2 Equivalent
Ireland,1995,179454.89105779096,Kilotonne CO2 Equivalent
Ireland,1996,185841.15741272838,Kilotonne CO2 Equivalent
Ireland,1997,190382.3609389873,Kilotonne CO2 Equivalent
Ireland,1998,197845.7761208337,Kilotonne CO2 Equivalent
Ireland,1999,201270.18050317073,Kilotonne CO2 Equivalent
Ireland,2000,207827.66490909117,Kilotonne CO2 Equivalent
Ireland,2001,214023.49480262172,Kilotonne CO2 Equivalent
Ireland,2002,207956.46646099063,Kilotonne CO2 Equivalent
Ireland,2003,208695.10078296377,Kilotonne CO2 Equivalent
Ireland,2004,206644.17423874934,Kilotonne CO2 Equivalent
Ireland,2005,211038.74182601017,Kilotonne CO2 Equivalent
Ireland,2006,209224.40565499983,Kilotonne CO2 Equivalent
Ireland,2007,207074.11004589358,Kilotonne CO2 Equivalent
Ireland,2008,205198.20397692604,Kilotonne CO2 Equivalent
Ireland,2009,188433.33894370822,Kilotonne CO2 Equivalent
Ireland,2010,186769.31615459477,Kilotonne CO2 Equivalent
Ireland,2011,174455.2616941478,Kilotonne CO2 Equivalent
Ireland,2012,175930.80312440186,Kilotonne CO2 Equivalent
Ireland,2013,175509.94204075742,Kilotonne CO2 Equivalent
Ireland,2014,174631.9811817805,Kilotonne CO2 Equivalent
Italy,1990,1565761.8015851707,Kilotonne CO2 Equivalent
Italy,1991,1570469.4264473696,Kilotonne CO2 Equivalent
Italy,1992,1559948.3352142267,Kilotonne CO2 Equivalent
Italy,1993,1540834.8550236418,Kilotonne CO2 Equivalent
Italy,1994,1516699.6160823568,Kilotonne CO2 Equivalent
Italy,1995,1600349.305717071,Kilotonne CO2 Equivalent
Italy,1996,1580476.6071154012,Kilotonne CO2 Equivalent
Italy,1997,1598219.7911642073,Kilotonne CO2 Equivalent
Italy,1998,1631401.290619003,Kilotonne CO2 Equivalent
Italy,1999,1648485.6914677178,Kilotonne CO2 Equivalent
Italy,2000,1663437.8692372204,Kilotonne CO2 Equivalent
Italy,2001,1684800.98269971,Kilotonne CO2 Equivalent
Italy,2002,1685663.8572836255,Kilotonne CO2 Equivalent
Italy,2003,1734379.1048349452,Kilotonne CO2 Equivalent
Italy,2004,1742176.740479658,Kilotonne CO2 Equivalent
Italy,2005,1736713.3209145684,Kilotonne CO2 Equivalent
Italy,2006,1707164.4136501595,Kilotonne CO2 Equivalent
Italy,2007,1683412.7582921523,Kilotonne CO2 Equivalent
Italy,2008,1648358.18722407,Kilotonne CO2 Equivalent
Italy,2009,1496683.9653102027,Kilotonne CO2 Equivalent
Italy,2010,1525272.2949158996,Kilotonne CO2 Equivalent
Italy,2011,1484368.7536951522,Kilotonne CO2 Equivalent
Italy,2012,1406153.7475280794,Kilotonne CO2 Equivalent
Italy,2013,1316662.1086637368,Kilotonne CO2 Equivalent
Italy,2014,1255761.6445584274,Kilotonne CO2 Equivalent
Japan,1990,3812228.8444915777,Kilotonne CO2 Equivalent
Japan,1991,3842813.0973349195,Kilotonne CO2 Equivalent
Japan,1992,3883213.807959235,Kilotonne CO2 Equivalent
Japan,1993,3857629.965458332,Kilotonne CO2 Equivalent
Japan,1994,4074803.0339655634,Kilotonne CO2 Equivalent
Japan,1995,4139773.632675668,Kilotonne CO2 Equivalent
Japan,1996,4179328.314511984,Kilotonne CO2 Equivalent
Japan,1997,4169720.981221855,Kilotonne CO2 Equivalent
Japan,1998,4037520.715192042,Kilotonne CO2 Equivalent
Japan,1999,4103658.267707698,Kilotonne CO2 Equivalent
Japan,2000,4160141.5305022467,Kilotonne CO2 Equivalent
Japan,2001,4076146.5238565393,Kilotonne CO2 Equivalent
Japan,2002,4170993.423377372,Kilotonne CO2 Equivalent
Japan,2003,4178106.437368891,Kilotonne CO2 Equivalent
Japan,2004,4168779.5633578184,Kilotonne CO2 Equivalent
Japan,2005,4191305.4568403657,Kilotonne CO2 Equivalent
Japan,2006,4133585.8166190833,Kilotonne CO2 Equivalent
Japan,2007,4238385.222715473,Kilotonne CO2 Equivalent
Japan,2008,3981505.585669256,Kilotonne CO2 Equivalent
Japan,2009,3753010.7506470615,Kilotonne CO2 Equivalent
Japan,2010,3914707.926213837,Kilotonne CO2 Equivalent
Japan,2011,4063848.021633872,Kilotonne CO2 Equivalent
Japan,2012,4171019.9177812776,Kilotonne CO2 Equivalent
Japan,2013,4223649.676605112,Kilotonne CO2 Equivalent
Japan,2014,4091586.9153753263,Kilotonne CO2 Equivalent
Latvia,1990,79105.34816950295,Kilotonne CO2 Equivalent
Latvia,1991,73160.41150856589,Kilotonne CO2 Equivalent
Latvia,1992,58788.78556232637,Kilotonne CO2 Equivalent
Latvia,1993,48485.74996779059,Kilotonne CO2 Equivalent
Latvia,1994,42768.21139609688,Kilotonne CO2 Equivalent
Latvia,1995,38509.129292627666,Kilotonne CO2 Equivalent
Latvia,1996,38660.49174637234,Kilotonne CO2 Equivalent
Latvia,1997,36968.61027759571,Kilotonne CO2 Equivalent
Latvia,1998,35435.35044847838,Kilotonne CO2 Equivalent
Latvia,1999,33056.95909413589,Kilotonne CO2 Equivalent
Latvia,2000,31329.263190484315,Kilotonne CO2 Equivalent
Latvia,2001,33128.37765615362,Kilotonne CO2 Equivalent
Latvia,2002,33043.32328975414,Kilotonne CO2 Equivalent
Latvia,2003,33514.85225950613,Kilotonne CO2 Equivalent
Latvia,2004,33486.16366123813,Kilotonne CO2 Equivalent
Latvia,2005,34144.524726690426,Kilotonne CO2 Equivalent
Latvia,2006,35701.20217544787,Kilotonne CO2 Equivalent
Latvia,2007,37095.05776326003,Kilotonne CO2 Equivalent
Latvia,2008,35827.52099089435,Kilotonne CO2 Equivalent
Latvia,2009,33668.739883035254,Kilotonne CO2 Equivalent
Latvia,2010,37088.057018949024,Kilotonne CO2 Equivalent
Latvia,2011,34882.86348975046,Kilotonne CO2 Equivalent
Latvia,2012,34554.00937234259,Kilotonne CO2 Equivalent
Latvia,2013,34322.47356248334,Kilotonne CO2 Equivalent
Latvia,2014,34139.47488519888,Kilotonne CO2 Equivalent
Liechtenstein,1990,458.35450135547313,Kilotonne CO2 Equivalent
Liechtenstein,1991,473.2988615535462,Kilotonne CO2 Equivalent
Liechtenstein,1992,473.76571182501146,Kilotonne CO2 Equivalent
Liechtenstein,1993,488.01978633879594,Kilotonne CO2 Equivalent
Liechtenstein,1994,461.1586760257204,Kilotonne CO2 Equivalent
Liechtenstein,1995,468.6437463297283,Kilotonne CO2 Equivalent
Liechtenstein,1996,473.6581590541959,Kilotonne CO2 Equivalent
Liechtenstein,1997,498.68394632180514,Kilotonne CO2 Equivalent
Liechtenstein,1998,520.6762624898381,Kilotonne CO2 Equivalent
Liechtenstein,1999,514.8007365718805,Kilotonne CO2 Equivalent
Liechtenstein,2000,496.3490933725699,Kilotonne CO2 Equivalent
Liechtenstein,2001,495.3100119215223,Kilotonne CO2 Equivalent
Liechtenstein,2002,508.1687662161667,Kilotonne CO2 Equivalent
Liechtenstein,2003,528.558322893788,Kilotonne CO2 Equivalent
Liechtenstein,2004,529.8140743772118,Kilotonne CO2 Equivalent
Liechtenstein,2005,531.6570215955973,Kilotonne CO2 Equivalent
Liechtenstein,2006,538.4719185509304,Kilotonne CO2 Equivalent
Liechtenstein,2007,480.35858703923793,Kilotonne CO2 Equivalent
Liechtenstein,2008,520.6933935970277,Kilotonne CO2 Equivalent
Liechtenstein,2009,491.5179969737116,Kilotonne CO2 Equivalent
Liechtenstein,2010,462.46495990040654,Kilotonne CO2 Equivalent
Liechtenstein,2011,437.21038917731573,Kilotonne CO2 Equivalent
Liechtenstein,2012,456.3863519292919,Kilotonne CO2 Equivalent
Liechtenstein,2013,469.8138604919904,Kilotonne CO2 Equivalent
Liechtenstein,2014,408.8324983363927,Kilotonne CO2 Equivalent
Lithuania,1990,144570.8460632823,Kilotonne CO2 Equivalent
Lithuania,1991,150701.3116982826,Kilotonne CO2 Equivalent
Lithuania,1992,91340.47067472867,Kilotonne CO2 Equivalent
Lithuania,1993,73644.91315463549,Kilotonne CO2 Equivalent
Lithuania,1994,69703.73973829261,Kilotonne CO2 Equivalent
Lithuania,1995,67201.5259190022,Kilotonne CO2 Equivalent
Lithuania,1996,70404.71282330275,Kilotonne CO2 Equivalent
Lithuania,1997,68913.32058674314,Kilotonne CO2 Equivalent
Lithuania,1998,71704.13965479717,Kilotonne CO2 Equivalent
Lithuania,1999,63699.21953613658,Kilotonne CO2 Equivalent
Lithuania,2000,58815.85297446575,Kilotonne CO2 Equivalent
Lithuania,2001,61696.19573155227,Kilotonne CO2 Equivalent
Lithuania,2002,62957.85029233835,Kilotonne CO2 Equivalent
Lithuania,2003,63609.04172057049,Kilotonne CO2 Equivalent
Lithuania,2004,65953.23363665766,Kilotonne CO2 Equivalent
Lithuania,2005,69108.41487564606,Kilotonne CO2 Equivalent
Lithuania,2006,70135.34654915366,Kilotonne CO2 Equivalent
Lithuania,2007,76057.05315849147,Kilotonne CO2 Equivalent
Lithuania,2008,73183.59201856346,Kilotonne CO2 Equivalent
Lithuania,2009,59807.75722763189,Kilotonne CO2 Equivalent
Lithuania,2010,62265.40415953645,Kilotonne CO2 Equivalent
Lithuania,2011,63763.37253719878,Kilotonne CO2 Equivalent
Lithuania,2012,63338.02914022768,Kilotonne CO2 Equivalent
Lithuania,2013,59552.48686396711,Kilotonne CO2 Equivalent
Lithuania,2014,59333.249418454776,Kilotonne CO2 Equivalent
Luxembourg,1990,25706.90252350077,Kilotonne CO2 Equivalent
Luxembourg,1991,26793.752364704033,Kilotonne CO2 Equivalent
Luxembourg,1992,26353.435273541338,Kilotonne CO2 Equivalent
Luxembourg,1993,26585.505837635053,Kilotonne CO2 Equivalent
Luxembourg,1994,24917.886619232428,Kilotonne CO2 Equivalent
Luxembourg,1995,20142.622318125403,Kilotonne CO2 Equivalent
Luxembourg,1996,20283.20459405656,Kilotonne CO2 Equivalent
Luxembourg,1997,18911.023537032004,Kilotonne CO2 Equivalent
Luxembourg,1998,17090.256325796723,Kilotonne CO2 Equivalent
Luxembourg,1999,17828.13479601928,Kilotonne CO2 Equivalent
Luxembourg,2000,19444.68911942655,Kilotonne CO2 Equivalent
Luxembourg,2001,20453.954677192207,Kilotonne CO2 Equivalent
Luxembourg,2002,21975.10098450341,Kilotonne CO2 Equivalent
Luxembourg,2003,22695.181386261615,Kilotonne CO2 Equivalent
Luxembourg,2004,25583.256670465387,Kilotonne CO2 Equivalent
Luxembourg,2005,26060.15246885885,Kilotonne CO2 Equivalent
Luxembourg,2006,25774.5383272274,Kilotonne CO2 Equivalent
Luxembourg,2007,24605.962183396412,Kilotonne CO2 Equivalent
Luxembourg,2008,24325.170423206415,Kilotonne CO2 Equivalent
Luxembourg,2009,23285.863937130795,Kilotonne CO2 Equivalent
Luxembourg,2010,24439.913985239764,Kilotonne CO2 Equivalent
Luxembourg,2011,24176.05780688081,Kilotonne CO2 Equivalent
Luxembourg,2012,23539.833485368967,Kilotonne CO2 Equivalent
Luxembourg,2013,22426.40820822699,Kilotonne CO2 Equivalent
Luxembourg,2014,21551.26170776216,Kilotonne CO2 Equivalent
Malta,1990,6000.755347144711,Kilotonne CO2 Equivalent
Malta,1991,6567.467800924676,Kilotonne CO2 Equivalent
Malta,1992,7001.8136416039215,Kilotonne CO2 Equivalent
Malta,1993,7268.1204112719315,Kilotonne CO2 Equivalent
Malta,1994,7451.056937785223,Kilotonne CO2 Equivalent
Malta,1995,7502.058001826609,Kilotonne CO2 Equivalent
Malta,1996,7554.7262845615505,Kilotonne CO2 Equivalent
Malta,1997,7590.177501089674,Kilotonne CO2 Equivalent
Malta,1998,7572.431249522158,Kilotonne CO2 Equivalent
Malta,1999,7830.740735048667,Kilotonne CO2 Equivalent
Malta,2000,7877.417306342573,Kilotonne CO2 Equivalent
Malta,2001,8307.374383862707,Kilotonne CO2 Equivalent
Malta,2002,8062.449426244265,Kilotonne CO2 Equivalent
Malta,2003,8679.078842000132,Kilotonne CO2 Equivalent
Malta,2004,8536.49883582156,Kilotonne CO2 Equivalent
Malta,2005,8997.493281212695,Kilotonne CO2 Equivalent
Malta,2006,9272.049506040476,Kilotonne CO2 Equivalent
Malta,2007,9530.483770559646,Kilotonne CO2 Equivalent
Malta,2008,9546.838795237982,Kilotonne CO2 Equivalent
Malta,2009,9221.884549343038,Kilotonne CO2 Equivalent
Malta,2010,9296.417118786872,Kilotonne CO2 Equivalent
Malta,2011,9635.11827678561,Kilotonne CO2 Equivalent
Malta,2012,9973.49104812739,Kilotonne CO2 Equivalent
Malta,2013,8861.87495712084,Kilotonne CO2 Equivalent
Malta,2014,8947.934362726628,Kilotonne CO2 Equivalent
Monaco,1990,298.2408177469974,Kilotonne CO2 Equivalent
Monaco,1991,301.1076121697938,Kilotonne CO2 Equivalent
Monaco,1992,317.8058791876952,Kilotonne CO2 Equivalent
Monaco,1993,315.15120871724423,Kilotonne CO2 Equivalent
Monaco,1994,318.2031979136159,Kilotonne CO2 Equivalent
Monaco,1995,311.2981493869317,Kilotonne CO2 Equivalent
Monaco,1996,324.6100810246049,Kilotonne CO2 Equivalent
Monaco,1997,320.1579473059889,Kilotonne CO2 Equivalent
Monaco,1998,319.4569903638482,Kilotonne CO2 Equivalent
Monaco,1999,325.54869950764544,Kilotonne CO2 Equivalent
Monaco,2000,329.0771001323939,Kilotonne CO2 Equivalent
Monaco,2001,323.9173306023002,Kilotonne CO2 Equivalent
Monaco,2002,325.05321799599886,Kilotonne CO2 Equivalent
Monaco,2003,318.37902550153837,Kilotonne CO2 Equivalent
Monaco,2004,306.12821675666714,Kilotonne CO2 Equivalent
Monaco,2005,303.32787803331007,Kilotonne CO2 Equivalent
Monaco,2006,282.83578764886823,Kilotonne CO2 Equivalent
Monaco,2007,293.565171198672,Kilotonne CO2 Equivalent
Monaco,2008,287.5672021963545,Kilotonne CO2 Equivalent
Monaco,2009,273.5376791079399,Kilotonne CO2 Equivalent
Monaco,2010,270.4383244930539,Kilotonne CO2 Equivalent
Monaco,2011,260.18488878528876,Kilotonne CO2 Equivalent
Monaco,2012,272.24953239093026,Kilotonne CO2 Equivalent
Monaco,2013,273.7684686123221,Kilotonne CO2 Equivalent
Netherlands,1990,665214.8276846755,Kilotonne CO2 Equivalent
Netherlands,1991,688690.2135816098,Kilotonne CO2 Equivalent
Netherlands,1992,690822.4454209234,Kilotonne CO2 Equivalent
Netherlands,1993,694563.6806047456,Kilotonne CO2 Equivalent
Netherlands,1994,705601.664655313,Kilotonne CO2 Equivalent
Netherlands,1995,695602.3696022604,Kilotonne CO2 Equivalent
Netherlands,1996,728281.017647405,Kilotonne CO2 Equivalent
Netherlands,1997,705878.0070203856,Kilotonne CO2 Equivalent
Netherlands,1998,706162.5215142798,Kilotonne CO2 Equivalent
Netherlands,1999,666065.0907147968,Kilotonne CO2 Equivalent
Netherlands,2000,660081.36300524,Kilotonne CO2 Equivalent
Netherlands,2001,659777.5682110836,Kilotonne CO2 Equivalent
Netherlands,2002,653868.1442062298,Kilotonne CO2 Equivalent
Netherlands,2003,654033.5495076815,Kilotonne CO2 Equivalent
Netherlands,2004,657458.5490434188,Kilotonne CO2 Equivalent
Netherlands,2005,642829.9482255394,Kilotonne CO2 Equivalent
Netherlands,2006,627690.2067427472,Kilotonne CO2 Equivalent
Netherlands,2007,624501.3446316043,Kilotonne CO2 Equivalent
Netherlands,2008,622522.0316851602,Kilotonne CO2 Equivalent
Netherlands,2009,605280.0337766648,Kilotonne CO2 Equivalent
Netherlands,2010,640806.5526576893,Kilotonne CO2 Equivalent
Netherlands,2011,599635.1288813937,Kilotonne CO2 Equivalent
Netherlands,2012,585433.3132355101,Kilotonne CO2 Equivalent
Netherlands,2013,584689.7072050598,Kilotonne CO2 Equivalent
Netherlands,2014,560747.74257911,Kilotonne CO2 Equivalent
New Zealand,1990,197485.14143993132,Kilotonne CO2 Equivalent
New Zealand,1991,200467.85316609291,Kilotonne CO2 Equivalent
New Zealand,1992,203998.49999874493,Kilotonne CO2 Equivalent
New Zealand,1993,202895.19750436855,Kilotonne CO2 Equivalent
New Zealand,1994,206449.74986373266,Kilotonne CO2 Equivalent
New Zealand,1995,208924.27380639905,Kilotonne CO2 Equivalent
New Zealand,1996,215503.38359156938,Kilotonne CO2 Equivalent
New Zealand,1997,223913.9685378534,Kilotonne CO2 Equivalent
New Zealand,1998,216615.43468061756,Kilotonne CO2 Equivalent
New Zealand,1999,222793.00821829616,Kilotonne CO2 Equivalent
New Zealand,2000,229154.0608380303,Kilotonne CO2 Equivalent
New Zealand,2001,237175.8707067202,Kilotonne CO2 Equivalent
New Zealand,2002,238850.99431674686,Kilotonne CO2 Equivalent
New Zealand,2003,246064.7635432423,Kilotonne CO2 Equivalent
New Zealand,2004,244946.48183132647,Kilotonne CO2 Equivalent
New Zealand,2005,250998.86378577867,Kilotonne CO2 Equivalent
New Zealand,2006,251090.24832086757,Kilotonne CO2 Equivalent
New Zealand,2007,243473.63829440577,Kilotonne CO2 Equivalent
New Zealand,2008,243061.93844882096,Kilotonne CO2 Equivalent
New Zealand,2009,235874.1008632518,Kilotonne CO2 Equivalent
New Zealand,2010,236826.87269404612,Kilotonne CO2 Equivalent
New Zealand,2011,236824.5626892588,Kilotonne CO2 Equivalent
New Zealand,2012,242671.09177628823,Kilotonne CO2 Equivalent
New Zealand,2013,240894.97544095528,Kilotonne CO2 Equivalent
New Zealand,2014,243313.28723977233,Kilotonne CO2 Equivalent
Norway,1990,155765.31421538073,Kilotonne CO2 Equivalent
Norway,1991,148760.66743195237,Kilotonne CO2 Equivalent
Norway,1992,143335.88147142326,Kilotonne CO2 Equivalent
Norway,1993,149408.35336731724,Kilotonne CO2 Equivalent
Norway,1994,155113.25406041046,Kilotonne CO2 Equivalent
Norway,1995,154233.44776922517,Kilotonne CO2 Equivalent
Norway,1996,163233.28576831895,Kilotonne CO2 Equivalent
Norway,1997,163001.83908107487,Kilotonne CO2 Equivalent
Norway,1998,163497.04988385216,Kilotonne CO2 Equivalent
Norway,1999,166429.3086550755,Kilotonne CO2 Equivalent
Norway,2000,164650.12503293247,Kilotonne CO2 Equivalent
Norway,2001,168435.0082749048,Kilotonne CO2 Equivalent
Norway,2002,165181.51111527684,Kilotonne CO2 Equivalent
Norway,2003,166997.6756883891,Kilotonne CO2 Equivalent
Norway,2004,168642.02543274066,Kilotonne CO2 Equivalent
Norway,2005,165874.85046125154,Kilotonne CO2 Equivalent
Norway,2006,165215.05818562204,Kilotonne CO2 Equivalent
Norway,2007,170899.0368561183,Kilotonne CO2 Equivalent
Norway,2008,166322.93046013682,Kilotonne CO2 Equivalent
Norway,2009,158099.55878754446,Kilotonne CO2 Equivalent
Norway,2010,165897.29089295724,Kilotonne CO2 Equivalent
Norway,2011,162925.93153872542,Kilotonne CO2 Equivalent
Norway,2012,161616.92558868421,Kilotonne CO2 Equivalent
Norway,2013,160756.89717272314,Kilotonne CO2 Equivalent
Norway,2014,159571.82155303835,Kilotonne CO2 Equivalent
Poland,1990,1418987.9216855392,Kilotonne CO2 Equivalent
Poland,1991,1387298.3632192085,Kilotonne CO2 Equivalent
Poland,1992,1343140.5118697516,Kilotonne CO2 Equivalent
Poland,1993,1345052.7364031845,Kilotonne CO2 Equivalent
Poland,1994,1329655.6811377269,Kilotonne CO2 Equivalent
Poland,1995,1335818.2621350393,Kilotonne CO2 Equivalent
Poland,1996,1375441.3189302655,Kilotonne CO2 Equivalent
Poland,1997,1346566.4344649613,Kilotonne CO2 Equivalent
Poland,1998,1246863.965892818,Kilotonne CO2 Equivalent
Poland,1999,1212093.5696904538,Kilotonne CO2 Equivalent
Poland,2000,1176827.2722320461,Kilotonne CO2 Equivalent
Poland,2001,1169794.031985321,Kilotonne CO2 Equivalent
Poland,2002,1138937.7424778903,Kilotonne CO2 Equivalent
Poland,2003,1179196.7221134098,Kilotonne CO2 Equivalent
Poland,2004,1192808.31161493,Kilotonne CO2 Equivalent
Poland,2005,1192241.798458596,Kilotonne CO2 Equivalent
Poland,2006,1234606.6305531722,Kilotonne CO2 Equivalent
Poland,2007,1233721.0163726553,Kilotonne CO2 Equivalent
Poland,2008,1209439.5186381387,Kilotonne CO2 Equivalent
Poland,2009,1154838.9863582607,Kilotonne CO2 Equivalent
Poland,2010,1210796.7927146005,Kilotonne CO2 Equivalent
Poland,2011,1209814.0788833434,Kilotonne CO2 Equivalent
Poland,2012,1190950.648099992,Kilotonne CO2 Equivalent
Poland,2013,1179275.6165901544,Kilotonne CO2 Equivalent
Poland,2014,1140112.6976135978,Kilotonne CO2 Equivalent
Portugal,1990,181348.41391818103,Kilotonne CO2 Equivalent
Portugal,1991,186762.84169318213,Kilotonne CO2 Equivalent
Portugal,1992,200613.13307838395,Kilotonne CO2 Equivalent
Portugal,1993,196552.329288447,Kilotonne CO2 Equivalent
Portugal,1994,200461.2028547505,Kilotonne CO2 Equivalent
Portugal,1995,213772.64054822116,Kilotonne CO2 Equivalent
Portugal,1996,206176.94230305977,Kilotonne CO2 Equivalent
Portugal,1997,216247.88193872178,Kilotonne CO2 Equivalent
Portugal,1998,231244.26182016585,Kilotonne CO2 Equivalent
Portugal,1999,255239.52448032075,Kilotonne CO2 Equivalent
Portugal,2000,251449.36344485029,Kilotonne CO2 Equivalent
Portugal,2001,251252.57772367215,Kilotonne CO2 Equivalent
Portugal,2002,264211.3332037782,Kilotonne CO2 Equivalent
Portugal,2003,248528.2069254616,Kilotonne CO2 Equivalent
Portugal,2004,257710.99614758254,Kilotonne CO2 Equivalent
Portugal,2005,265484.5312922358,Kilotonne CO2 Equivalent
Portugal,2006,250400.7147311165,Kilotonne CO2 Equivalent
Portugal,2007,243026.32548176864,Kilotonne CO2 Equivalent
Portugal,2008,235931.92236464913,Kilotonne CO2 Equivalent
Portugal,2009,227557.3389420441,Kilotonne CO2 Equivalent
Portugal,2010,213737.63338164904,Kilotonne CO2 Equivalent
Portugal,2011,209081.8635988247,Kilotonne CO2 Equivalent
Portugal,2012,202798.59490790477,Kilotonne CO2 Equivalent
Portugal,2013,197388.98270524087,Kilotonne CO2 Equivalent
Portugal,2014,196987.846779702,Kilotonne CO2 Equivalent
Romania,1990,764997.3688132438,Kilotonne CO2 Equivalent
Romania,1991,625432.2460951643,Kilotonne CO2 Equivalent
Romania,1992,572804.465823789,Kilotonne CO2 Equivalent
Romania,1993,546033.2206691764,Kilotonne CO2 Equivalent
Romania,1994,534323.7133826994,Kilotonne CO2 Equivalent
Romania,1995,555031.5328655813,Kilotonne CO2 Equivalent
Romania,1996,562427.1575430179,Kilotonne CO2 Equivalent
Romania,1997,526476.9803587499,Kilotonne CO2 Equivalent
Romania,1998,465849.37730531115,Kilotonne CO2 Equivalent
Romania,1999,410303.1835680722,Kilotonne CO2 Equivalent
Romania,2000,427214.0020938837,Kilotonne CO2 Equivalent
Romania,2001,447773.7871797696,Kilotonne CO2 Equivalent
Romania,2002,444068.66751621617,Kilotonne CO2 Equivalent
Romania,2003,459814.189424616,Kilotonne CO2 Equivalent
Romania,2004,455631.07483801234,Kilotonne CO2 Equivalent
Romania,2005,447987.6836633546,Kilotonne CO2 Equivalent
Romania,2006,454294.66594834847,Kilotonne CO2 Equivalent
Romania,2007,446124.5413919788,Kilotonne CO2 Equivalent
Romania,2008,430646.6068601161,Kilotonne CO2 Equivalent
Romania,2009,376584.16680983116,Kilotonne CO2 Equivalent
Romania,2010,357374.9432497203,Kilotonne CO2 Equivalent
Romania,2011,372793.85117321997,Kilotonne CO2 Equivalent
Romania,2012,368000.8629127796,Kilotonne CO2 Equivalent
Romania,2013,335801.6875681498,Kilotonne CO2 Equivalent
Romania,2014,334838.43181422347,Kilotonne CO2 Equivalent
Russian Federation,1990,11302665.13279404,Kilotonne CO2 Equivalent
Russian Federation,1991,10606800.074673774,Kilotonne CO2 Equivalent
Russian Federation,1992,9008306.40062886,Kilotonne CO2 Equivalent
Russian Federation,1993,8427883.574456166,Kilotonne CO2 Equivalent
Russian Federation,1994,7535071.854728938,Kilotonne CO2 Equivalent
Russian Federation,1995,7288297.331121153,Kilotonne CO2 Equivalent
Russian Federation,1996,7064301.78573609,Kilotonne CO2 Equivalent
Russian Federation,1997,6783550.399172102,Kilotonne CO2 Equivalent
Russian Federation,1998,6689023.997181362,Kilotonne CO2 Equivalent
Russian Federation,1999,6784174.6187279625,Kilotonne CO2 Equivalent
Russian Federation,2000,6823493.8332891865,Kilotonne CO2 Equivalent
Russian Federation,2001,7002200.671448494,Kilotonne CO2 Equivalent
Russian Federation,2002,7027598.727376258,Kilotonne CO2 Equivalent
Russian Federation,2003,7266293.36159364,Kilotonne CO2 Equivalent
Russian Federation,2004,7413709.216480772,Kilotonne CO2 Equivalent
Russian Federation,2005,7504913.730217623,Kilotonne CO2 Equivalent
Russian Federation,2006,7723236.0289536845,Kilotonne CO2 Equivalent
Russian Federation,2007,7752927.181339321,Kilotonne CO2 Equivalent
Russian Federation,2008,7849390.661704709,Kilotonne CO2 Equivalent
Russian Federation,2009,7445963.377415211,Kilotonne CO2 Equivalent
Russian Federation,2010,7807450.283770052,Kilotonne CO2 Equivalent
Russian Federation,2011,7995537.773038623,Kilotonne CO2 Equivalent
Russian Federation,2012,8102775.720126929,Kilotonne CO2 Equivalent
Russian Federation,2013,7929193.799523304,Kilotonne CO2 Equivalent
Russian Federation,2014,7946620.041596007,Kilotonne CO2 Equivalent
Slovakia,1990,222814.5320533569,Kilotonne CO2 Equivalent
Slovakia,1991,193933.59971244985,Kilotonne CO2 Equivalent
Slovakia,1992,177612.83945025902,Kilotonne CO2 Equivalent
Slovakia,1993,167067.84873020128,Kilotonne CO2 Equivalent
Slovakia,1994,159159.89713314606,Kilotonne CO2 Equivalent
Slovakia,1995,163216.7313990318,Kilotonne CO2 Equivalent
Slovakia,1996,164118.19755120628,Kilotonne CO2 Equivalent
Slovakia,1997,163190.81407932244,Kilotonne CO2 Equivalent
Slovakia,1998,158981.52905538608,Kilotonne CO2 Equivalent
Slovakia,1999,155101.2767686053,Kilotonne CO2 Equivalent
Slovakia,2000,149137.4329697481,Kilotonne CO2 Equivalent
Slovakia,2001,156382.99680919747,Kilotonne CO2 Equivalent
Slovakia,2002,150434.2760625726,Kilotonne CO2 Equivalent
Slovakia,2003,151759.72804820377,Kilotonne CO2 Equivalent
Slovakia,2004,153945.487585833,Kilotonne CO2 Equivalent
Slovakia,2005,153862.12493543225,Kilotonne CO2 Equivalent
Slovakia,2006,153620.7449659017,Kilotonne CO2 Equivalent
Slovakia,2007,148215.2192443839,Kilotonne CO2 Equivalent
Slovakia,2008,150266.2095540192,Kilotonne CO2 Equivalent
Slovakia,2009,136672.88706148928,Kilotonne CO2 Equivalent
Slovakia,2010,139448.62126622215,Kilotonne CO2 Equivalent
Slovakia,2011,136812.05528097923,Kilotonne CO2 Equivalent
Slovakia,2012,129526.76540051072,Kilotonne CO2 Equivalent
Slovakia,2013,128377.43669889959,Kilotonne CO2 Equivalent
Slovakia,2014,121972.80510093961,Kilotonne CO2 Equivalent
Slovenia,1990,55849.34728933889,Kilotonne CO2 Equivalent
Slovenia,1991,51934.58740090681,Kilotonne CO2 Equivalent
Slovenia,1992,52230.20439192688,Kilotonne CO2 Equivalent
Slovenia,1993,52816.61462292381,Kilotonne CO2 Equivalent
Slovenia,1994,54013.336178462756,Kilotonne CO2 Equivalent
Slovenia,1995,56283.05411330995,Kilotonne CO2 Equivalent
Slovenia,1996,58320.73342004945,Kilotonne CO2 Equivalent
Slovenia,1997,59383.400220141004,Kilotonne CO2 Equivalent
Slovenia,1998,58561.15977039328,Kilotonne CO2 Equivalent
Slovenia,1999,56678.396916490216,Kilotonne CO2 Equivalent
Slovenia,2000,57378.68749830749,Kilotonne CO2 Equivalent
Slovenia,2001,60032.15934698964,Kilotonne CO2 Equivalent
Slovenia,2002,60479.68724001599,Kilotonne CO2 Equivalent
Slovenia,2003,59634.74147152981,Kilotonne CO2 Equivalent
Slovenia,2004,60595.33702091336,Kilotonne CO2 Equivalent
Slovenia,2005,61568.21520451383,Kilotonne CO2 Equivalent
Slovenia,2006,62084.9174208069,Kilotonne CO2 Equivalent
Slovenia,2007,62495.50966321617,Kilotonne CO2 Equivalent
Slovenia,2008,64570.64525383447,Kilotonne CO2 Equivalent
Slovenia,2009,58786.10173924537,Kilotonne CO2 Equivalent
Slovenia,2010,58856.29478842177,Kilotonne CO2 Equivalent
Slovenia,2011,58879.39196622333,Kilotonne CO2 Equivalent
Slovenia,2012,57106.26263781059,Kilotonne CO2 Equivalent
Slovenia,2013,54941.34460117107,Kilotonne CO2 Equivalent
Slovenia,2014,49746.93568878207,Kilotonne CO2 Equivalent
Spain,1990,561201.7507685283,Kilotonne CO2 Equivalent
Spain,1991,578953.2898463327,Kilotonne CO2 Equivalent
Spain,1992,597319.199133658,Kilotonne CO2 Equivalent
Spain,1993,577041.013230366,Kilotonne CO2 Equivalent
Spain,1994,609688.8364533623,Kilotonne CO2 Equivalent
Spain,1995,640363.1170398259,Kilotonne CO2 Equivalent
Spain,1996,623873.2667441582,Kilotonne CO2 Equivalent
Spain,1997,652524.399789818,Kilotonne CO2 Equivalent
Spain,1998,671928.3616411504,Kilotonne CO2 Equivalent
Spain,1999,725181.9737575097,Kilotonne CO2 Equivalent
Spain,2000,757292.6355307944,Kilotonne CO2 Equivalent
Spain,2001,751579.3882053581,Kilotonne CO2 Equivalent
Spain,2002,787652.1570867264,Kilotonne CO2 Equivalent
Spain,2003,802538.7189726364,Kilotonne CO2 Equivalent
Spain,2004,833837.7733885803,Kilotonne CO2 Equivalent
Spain,2005,863257.7319618581,Kilotonne CO2 Equivalent
Spain,2006,849129.4555827809,Kilotonne CO2 Equivalent
Spain,2007,866801.12279874,Kilotonne CO2 Equivalent
Spain,2008,804633.4997000122,Kilotonne CO2 Equivalent
Spain,2009,731060.5651405421,Kilotonne CO2 Equivalent
Spain,2010,707449.3781493842,Kilotonne CO2 Equivalent
Spain,2011,707744.4771905574,Kilotonne CO2 Equivalent
Spain,2012,697112.8686350103,Kilotonne CO2 Equivalent
Spain,2013,640244.0786029946,Kilotonne CO2 Equivalent
Spain,2014,643488.1339042364,Kilotonne CO2 Equivalent
Sweden,1990,215751.77877506352,Kilotonne CO2 Equivalent
Sweden,1991,216123.76455896342,Kilotonne CO2 Equivalent
Sweden,1992,214581.15108490342,Kilotonne CO2 Equivalent
Sweden,1993,215421.57219989883,Kilotonne CO2 Equivalent
Sweden,1994,222694.46673658467,Kilotonne CO2 Equivalent
Sweden,1995,222088.08096519543,Kilotonne CO2 Equivalent
Sweden,1996,232722.30061464143,Kilotonne CO2 Equivalent
Sweden,1997,218316.89616411092,Kilotonne CO2 Equivalent
Sweden,1998,219257.59257812402,Kilotonne CO2 Equivalent
Sweden,1999,210545.10917056675,Kilotonne CO2 Equivalent
Sweden,2000,206606.30654281683,Kilotonne CO2 Equivalent
Sweden,2001,207576.347430066,Kilotonne CO2 Equivalent
Sweden,2002,210482.34510423234,Kilotonne CO2 Equivalent
Sweden,2003,211804.08128523204,Kilotonne CO2 Equivalent
Sweden,2004,208747.32540267776,Kilotonne CO2 Equivalent
Sweden,2005,200904.90811508335,Kilotonne CO2 Equivalent
Sweden,2006,200770.27357850724,Kilotonne CO2 Equivalent
Sweden,2007,196117.9607141178,Kilotonne CO2 Equivalent
Sweden,2008,189363.3674670333,Kilotonne CO2 Equivalent
Sweden,2009,177158.2914316683,Kilotonne CO2 Equivalent
Sweden,2010,194991.26212456706,Kilotonne CO2 Equivalent
Sweden,2011,182961.4431260244,Kilotonne CO2 Equivalent
Sweden,2012,172735.07727630815,Kilotonne CO2 Equivalent
Sweden,2013,167818.56986979782,Kilotonne CO2 Equivalent
Sweden,2014,163148.21185686064,Kilotonne CO2 Equivalent
Switzerland,1990,160335.49832425083,Kilotonne CO2 Equivalent
Switzerland,1991,166146.87363728514,Kilotonne CO2 Equivalent
Switzerland,1992,165269.12699399944,Kilotonne CO2 Equivalent
Switzerland,1993,157308.73645158517,Kilotonne CO2 Equivalent
Switzerland,1994,154270.4727032906,Kilotonne CO2 Equivalent
Switzerland,1995,156888.25055068225,Kilotonne CO2 Equivalent
Switzerland,1996,159052.40079625003,Kilotonne CO2 Equivalent
Switzerland,1997,155267.14066478552,Kilotonne CO2 Equivalent
Switzerland,1998,160051.62233497613,Kilotonne CO2 Equivalent
Switzerland,1999,159311.46763574527,Kilotonne CO2 Equivalent
Switzerland,2000,157134.91166970562,Kilotonne CO2 Equivalent
Switzerland,2001,161893.68906522953,Kilotonne CO2 Equivalent
Switzerland,2002,157117.33236867358,Kilotonne CO2 Equivalent
Switzerland,2003,160762.35414200794,Kilotonne CO2 Equivalent
Switzerland,2004,162656.0786757443,Kilotonne CO2 Equivalent
Switzerland,2005,164703.6772136326,Kilotonne CO2 Equivalent
Switzerland,2006,163572.8665189701,Kilotonne CO2 Equivalent
Switzerland,2007,157790.63759522224,Kilotonne CO2 Equivalent
Switzerland,2008,162378.94149906817,Kilotonne CO2 Equivalent
Switzerland,2009,158453.39183562904,Kilotonne CO2 Equivalent
Switzerland,2010,163244.25026089762,Kilotonne CO2 Equivalent
Switzerland,2011,151013.06800379197,Kilotonne CO2 Equivalent
Switzerland,2012,155034.7153217225,Kilotonne CO2 Equivalent
Switzerland,2013,157681.18906732235,Kilotonne CO2 Equivalent
Switzerland,2014,145972.02814142115,Kilotonne CO2 Equivalent
Turkey,1990,623319.9634286013,Kilotonne CO2 Equivalent
Turkey,1991,642384.966493032,Kilotonne CO2 Equivalent
Turkey,1992,662391.4329469592,Kilotonne CO2 Equivalent
Turkey,1993,691886.9976402749,Kilotonne CO2 Equivalent
Turkey,1994,674157.7057131635,Kilotonne CO2 Equivalent
Turkey,1995,717119.3753926442,Kilotonne CO2 Equivalent
Turkey,1996,769971.2412490234,Kilotonne CO2 Equivalent
Turkey,1997,809827.5088763825,Kilotonne CO2 Equivalent
Turkey,1998,815267.7975953696,Kilotonne CO2 Equivalent
Turkey,1999,814073.8653010203,Kilotonne CO2 Equivalent
Turkey,2000,890432.5050527736,Kilotonne CO2 Equivalent
Turkey,2001,836354.8368152034,Kilotonne CO2 Equivalent
Turkey,2002,861283.7037627087,Kilotonne CO2 Equivalent
Turkey,2003,911083.2747709015,Kilotonne CO2 Equivalent
Turkey,2004,950681.115666648,Kilotonne CO2 Equivalent
Turkey,2005,1035695.38464222,Kilotonne CO2 Equivalent
Turkey,2006,1113961.6594934545,Kilotonne CO2 Equivalent
Turkey,2007,1210177.4580713403,Kilotonne CO2 Equivalent
Turkey,2008,1179302.7230573543,Kilotonne CO2 Equivalent
Turkey,2009,1147540.2567459359,Kilotonne CO2 Equivalent
Turkey,2010,1185847.5305843996,Kilotonne CO2 Equivalent
Turkey,2011,1247606.4424982762,Kilotonne CO2 Equivalent
Turkey,2012,1342356.993968628,Kilotonne CO2 Equivalent
Turkey,2013,1316458.7519942608,Kilotonne CO2 Equivalent
Turkey,2014,1402651.1308156685,Kilotonne CO2 Equivalent
Ukraine,1990,2813862.6113043814,Kilotonne CO2 Equivalent
Ukraine,1991,2559623.256827778,Kilotonne CO2 Equivalent
Ukraine,1992,2386340.8818428083,Kilotonne CO2 Equivalent
Ukraine,1993,2116129.7278649965,Kilotonne CO2 Equivalent
Ukraine,1994,1801019.9316828635,Kilotonne CO2 Equivalent
Ukraine,1995,1671143.8089527881,Kilotonne CO2 Equivalent
Ukraine,1996,1535059.8879733942,Kilotonne CO2 Equivalent
Ukraine,1997,1488659.935310379,Kilotonne CO2 Equivalent
Ukraine,1998,1393200.0924869946,Kilotonne CO2 Equivalent
Ukraine,1999,1311112.661602425,Kilotonne CO2 Equivalent
Ukraine,2000,1241770.3264774836,Kilotonne CO2 Equivalent
Ukraine,2001,1301497.6378799637,Kilotonne CO2 Equivalent
Ukraine,2002,1252508.059545051,Kilotonne CO2 Equivalent
Ukraine,2003,1252668.3256372744,Kilotonne CO2 Equivalent
Ukraine,2004,1283737.270823088,Kilotonne CO2 Equivalent
Ukraine,2005,1306981.9851002644,Kilotonne CO2 Equivalent
Ukraine,2006,1356269.2882750228,Kilotonne CO2 Equivalent
Ukraine,2007,1365802.3337250808,Kilotonne CO2 Equivalent
Ukraine,2008,1326517.125460533,Kilotonne CO2 Equivalent
Ukraine,2009,1153955.3635471435,Kilotonne CO2 Equivalent
Ukraine,2010,1205787.2800353172,Kilotonne CO2 Equivalent
Ukraine,2011,1264907.9786238354,Kilotonne CO2 Equivalent
Ukraine,2012,1228594.0580433717,Kilotonne CO2 Equivalent
Ukraine,2013,1203200.8966495437,Kilotonne CO2 Equivalent
Ukraine,2014,1063042.610073537,Kilotonne CO2 Equivalent
United Kingdom,1990,1600214.9771122388,Kilotonne CO2 Equivalent
United Kingdom,1991,1619013.5814948399,Kilotonne CO2 Equivalent
United Kingdom,1992,1578210.518944216,Kilotonne CO2 Equivalent
United Kingdom,1993,1538513.5608160803,Kilotonne CO2 Equivalent
United Kingdom,1994,1516636.9419693085,Kilotonne CO2 Equivalent
United Kingdom,1995,1504927.836457002,Kilotonne CO2 Equivalent
United Kingdom,1996,1548451.568638627,Kilotonne CO2 Equivalent
United Kingdom,1997,1499037.59376093,Kilotonne CO2 Equivalent
United Kingdom,1998,1493924.044238142,Kilotonne CO2 Equivalent
United Kingdom,1999,1432598.8205380258,Kilotonne CO2 Equivalent
United Kingdom,2000,1435157.5858701894,Kilotonne CO2 Equivalent
United Kingdom,2001,1442052.7452637341,Kilotonne CO2 Equivalent
United Kingdom,2002,1402009.3807939796,Kilotonne CO2 Equivalent
United Kingdom,2003,1416170.0604577663,Kilotonne CO2 Equivalent
United Kingdom,2004,1408180.2034223475,Kilotonne CO2 Equivalent
United Kingdom,2005,1392083.2787103755,Kilotonne CO2 Equivalent
United Kingdom,2006,1380641.9866265755,Kilotonne CO2 Equivalent
United Kingdom,2007,1356023.2462998584,Kilotonne CO2 Equivalent
United Kingdom,2008,1315961.7360043116,Kilotonne CO2 Equivalent
United Kingdom,2009,1199113.5319385135,Kilotonne CO2 Equivalent
United Kingdom,2010,1228333.4811395782,Kilotonne CO2 Equivalent
United Kingdom,2011,1131978.0308587858,Kilotonne CO2 Equivalent
United Kingdom,2012,1165893.1853208626,Kilotonne CO2 Equivalent
United Kingdom,2013,1140157.0666131282,Kilotonne CO2 Equivalent
United Kingdom,2014,1055001.5025740103,Kilotonne CO2 Equivalent
United States of America,1990,19191433.46900674,Kilotonne CO2 Equivalent
United States of America,1991,18992813.656517703,Kilotonne CO2 Equivalent
United States of America,1992,19346031.462076616,Kilotonne CO2 Equivalent
United States of America,1993,19699247.56917312,Kilotonne CO2 Equivalent
United States of America,1994,19950889.78531222,Kilotonne CO2 Equivalent
United States of America,1995,20245586.776678443,Kilotonne CO2 Equivalent
United States of America,1996,20849514.012460407,Kilotonne CO2 Equivalent
United States of America,1997,20999997.30125805,Kilotonne CO2 Equivalent
United States of America,1998,21200364.488428373,Kilotonne CO2 Equivalent
United States of America,1999,21271327.834450766,Kilotonne CO2 Equivalent
United States of America,2000,21776919.35101662,Kilotonne CO2 Equivalent
United States of America,2001,21422697.42402591,Kilotonne CO2 Equivalent
United States of America,2002,21555984.414590515,Kilotonne CO2 Equivalent
United States of America,2003,21674922.097803812,Kilotonne CO2 Equivalent
United States of America,2004,22109910.103709552,Kilotonne CO2 Equivalent
United States of America,2005,22136326.492611866,Kilotonne CO2 Equivalent
United States of America,2006,21948433.36778289,Kilotonne CO2 Equivalent
United States of America,2007,22266623.88885417,Kilotonne CO2 Equivalent
United States of America,2008,21649245.212707438,Kilotonne CO2 Equivalent
United States of America,2009,20328689.321631175,Kilotonne CO2 Equivalent
United States of America,2010,20956371.160281774,Kilotonne CO2 Equivalent
United States of America,2011,20596193.708998445,Kilotonne CO2 Equivalent
United States of America,2012,19929031.73361957,Kilotonne CO2 Equivalent
United States of America,2013,20399937.908404075,Kilotonne CO2 Equivalent
United States of America,2014,20611338.274613585,Kilotonne CO2 Equivalent
