emission,year,value,units
CH4 Emissions,1990,3745046.097873619,Kilotonne CO2 Equivalent
CH4 Emissions,1991,3634010.0133283893,Kilotonne CO2 Equivalent
CH4 Emissions,1992,3505710.2907796036,Kilotonne CO2 Equivalent
CH4 Emissions,1993,3404185.5025395714,Kilotonne CO2 Equivalent
CH4 Emissions,1994,3314308.114104693,Kilotonne CO2 Equivalent
CH4 Emissions,1995,3274318.704424892,Kilotonne CO2 Equivalent
CH4 Emissions,1996,3242040.135528159,Kilotonne CO2 Equivalent
CH4 Emissions,1997,3187988.744105062,Kilotonne CO2 Equivalent
CH4 Emissions,1998,3126880.491299328,Kilotonne CO2 Equivalent
CH4 Emissions,1999,3086476.713854731,Kilotonne CO2 Equivalent
CH4 Emissions,2000,3068301.0826512575,Kilotonne CO2 Equivalent
CH4 Emissions,2001,3066743.6258713393,Kilotonne CO2 Equivalent
CH4 Emissions,2002,3044597.8093967773,Kilotonne CO2 Equivalent
CH4 Emissions,2003,3066741.5038729487,Kilotonne CO2 Equivalent
CH4 Emissions,2004,3063473.603284579,Kilotonne CO2 Equivalent
CH4 Emissions,2005,3064061.3926758273,Kilotonne CO2 Equivalent
CH4 Emissions,2006,3056149.783287879,Kilotonne CO2 Equivalent
CH4 Emissions,2007,3051411.3598072445,Kilotonne CO2 Equivalent
CH4 Emissions,2008,3035081.958156775,Kilotonne CO2 Equivalent
CH4 Emissions,2009,2968151.510283071,Kilotonne CO2 Equivalent
CH4 Emissions,2010,2958962.906547497,Kilotonne CO2 Equivalent
CH4 Emissions,2011,2952669.968587565,Kilotonne CO2 Equivalent
CH4 Emissions,2012,2949792.510610155,Kilotonne CO2 Equivalent
CH4 Emissions,2013,2932934.2609015275,Kilotonne CO2 Equivalent
CH4 Emissions,2014,2927075.801148685,Kilotonne CO2 Equivalent
CO2 Emissions,1990,19581337.255157333,Kilotonne CO2 Equivalent
CO2 Emissions,1991,19186341.40888191,Kilotonne CO2 Equivalent
CO2 Emissions,1992,18571773.10995995,Kilotonne CO2 Equivalent
CO2 Emissions,1993,18331101.10644628,Kilotonne CO2 Equivalent
CO2 Emissions,1994,18145892.42142626,Kilotonne CO2 Equivalent
CO2 Emissions,1995,18259887.247307975,Kilotonne CO2 Equivalent
CO2 Emissions,1996,18619411.070383035,Kilotonne CO2 Equivalent
CO2 Emissions,1997,18467809.665333424,Kilotonne CO2 Equivalent
CO2 Emissions,1998,18423934.189973496,Kilotonne CO2 Equivalent
CO2 Emissions,1999,18430210.985309362,Kilotonne CO2 Equivalent
CO2 Emissions,2000,18708673.12984988,Kilotonne CO2 Equivalent
CO2 Emissions,2001,18775369.58084819,Kilotonne CO2 Equivalent
CO2 Emissions,2002,18803652.78121133,Kilotonne CO2 Equivalent
CO2 Emissions,2003,19134436.123235725,Kilotonne CO2 Equivalent
CO2 Emissions,2004,19310864.206450865,Kilotonne CO2 Equivalent
CO2 Emissions,2005,19352492.989355713,Kilotonne CO2 Equivalent
CO2 Emissions,2006,19369244.658625778,Kilotonne CO2 Equivalent
CO2 Emissions,2007,19440145.35026148,Kilotonne CO2 Equivalent
CO2 Emissions,2008,18967697.277596712,Kilotonne CO2 Equivalent
CO2 Emissions,2009,17580588.38304696,Kilotonne CO2 Equivalent
CO2 Emissions,2010,18199527.03099159,Kilotonne CO2 Equivalent
CO2 Emissions,2011,17913267.93985278,Kilotonne CO2 Equivalent
CO2 Emissions,2012,17654773.981210195,Kilotonne CO2 Equivalent
CO2 Emissions,2013,17582508.408777945,Kilotonne CO2 Equivalent
CO2 Emissions,2014,17209500.550120525,Kilotonne CO2 Equivalent
GHG Emissions,1990,25241156.403646365,Kilotonne CO2 Equivalent
GHG Emissions,1991,24662897.419912636,Kilotonne CO2 Equivalent
GHG Emissions,1992,23862660.960973665,Kilotonne CO2 Equivalent
GHG Emissions,1993,23489183.192768123,Kilotonne CO2 Equivalent
GHG Emissions,1994,23195486.406613693,Kilotonne CO2 Equivalent
GHG Emissions,1995,23328958.80246208,Kilotonne CO2 Equivalent
GHG Emissions,1996,23688391.036174998,Kilotonne CO2 Equivalent
GHG Emissions,1997,23473699.92866836,Kilotonne CO2 Equivalent
GHG Emissions,1998,23357422.30482386,Kilotonne CO2 Equivalent
GHG Emissions,1999,23201292.907041326,Kilotonne CO2 Equivalent
GHG Emissions,2000,23453397.510612413,Kilotonne CO2 Equivalent
GHG Emissions,2001,23473811.465573467,Kilotonne CO2 Equivalent
GHG Emissions,2002,23465623.716956064,Kilotonne CO2 Equivalent
GHG Emissions,2003,23802770.719249405,Kilotonne CO2 Equivalent
GHG Emissions,2004,24031379.379762545,Kilotonne CO2 Equivalent
GHG Emissions,2005,24036581.808645193,Kilotonne CO2 Equivalent
GHG Emissions,2006,24046082.305786204,Kilotonne CO2 Equivalent
GHG Emissions,2007,24139440.86717415,Kilotonne CO2 Equivalent
GHG Emissions,2008,23625388.24228441,Kilotonne CO2 Equivalent
GHG Emissions,2009,22132773.725412514,Kilotonne CO2 Equivalent
GHG Emissions,2010,22772905.03336878,Kilotonne CO2 Equivalent
GHG Emissions,2011,22493990.994144656,Kilotonne CO2 Equivalent
GHG Emissions,2012,22243572.497921452,Kilotonne CO2 Equivalent
GHG Emissions,2013,22166236.164653346,Kilotonne CO2 Equivalent
GHG Emissions,2014,21803409.39528379,Kilotonne CO2 Equivalent
GHG Emissions with CO2,1990,24063245.61356828,Kilotonne CO2 Equivalent
GHG Emissions with CO2,1991,23489518.561653707,Kilotonne CO2 Equivalent
GHG Emissions with CO2,1992,22701110.394280314,Kilotonne CO2 Equivalent
GHG Emissions with CO2,1993,22362340.348056644,Kilotonne CO2 Equivalent
GHG Emissions with CO2,1994,22067253.72861731,Kilotonne CO2 Equivalent
GHG Emissions with CO2,1995,22207711.096660867,Kilotonne CO2 Equivalent
GHG Emissions with CO2,1996,22536339.88895958,Kilotonne CO2 Equivalent
GHG Emissions with CO2,1997,22332085.987318143,Kilotonne CO2 Equivalent
GHG Emissions with CO2,1998,22230900.39454507,Kilotonne CO2 Equivalent
GHG Emissions with CO2,1999,22072138.21383313,Kilotonne CO2 Equivalent
GHG Emissions with CO2,2000,22300805.631956257,Kilotonne CO2 Equivalent
GHG Emissions with CO2,2001,22318679.371816695,Kilotonne CO2 Equivalent
GHG Emissions with CO2,2002,22326234.22640308,Kilotonne CO2 Equivalent
GHG Emissions with CO2,2003,22638711.129217286,Kilotonne CO2 Equivalent
GHG Emissions with CO2,2004,22856985.68655569,Kilotonne CO2 Equivalent
GHG Emissions with CO2,2005,22847983.88357999,Kilotonne CO2 Equivalent
GHG Emissions with CO2,2006,22871294.596792504,Kilotonne CO2 Equivalent
GHG Emissions with CO2,2007,22963865.3682598,Kilotonne CO2 Equivalent
GHG Emissions with CO2,2008,22498683.657721244,Kilotonne CO2 Equivalent
GHG Emissions with CO2,2009,21111361.950168196,Kilotonne CO2 Equivalent
GHG Emissions with CO2,2010,21751617.74977059,Kilotonne CO2 Equivalent
GHG Emissions with CO2,2011,21516717.914321564,Kilotonne CO2 Equivalent
GHG Emissions with CO2,2012,21257892.337402306,Kilotonne CO2 Equivalent
GHG Emissions with CO2,2013,21222170.65976727,Kilotonne CO2 Equivalent
GHG Emissions with CO2,2014,20907015.89250038,Kilotonne CO2 Equivalent
HFC Emissions,1990,158805.26829183972,Kilotonne CO2 Equivalent
HFC Emissions,1991,153987.52430198248,Kilotonne CO2 Equivalent
HFC Emissions,1992,158714.18706973596,Kilotonne CO2 Equivalent
HFC Emissions,1993,154779.35227156163,Kilotonne CO2 Equivalent
HFC Emissions,1994,169206.24557897882,Kilotonne CO2 Equivalent
HFC Emissions,1995,201551.92856147536,Kilotonne CO2 Equivalent
HFC Emissions,1996,221610.54022049758,Kilotonne CO2 Equivalent
HFC Emissions,1997,251987.79727591673,Kilotonne CO2 Equivalent
HFC Emissions,1998,277584.3961203852,Kilotonne CO2 Equivalent
HFC Emissions,1999,260286.2225811481,Kilotonne CO2 Equivalent
HFC Emissions,2000,270848.5285007318,Kilotonne CO2 Equivalent
HFC Emissions,2001,261360.08963504777,Kilotonne CO2 Equivalent
HFC Emissions,2002,267568.389618153,Kilotonne CO2 Equivalent
HFC Emissions,2003,269408.44706500124,Kilotonne CO2 Equivalent
HFC Emissions,2004,287956.08875702444,Kilotonne CO2 Equivalent
HFC Emissions,2005,305224.76658004004,Kilotonne CO2 Equivalent
HFC Emissions,2006,319144.05671214033,Kilotonne CO2 Equivalent
HFC Emissions,2007,345487.8632639454,Kilotonne CO2 Equivalent
HFC Emissions,2008,369473.4362697048,Kilotonne CO2 Equivalent
HFC Emissions,2009,374770.86153006856,Kilotonne CO2 Equivalent
HFC Emissions,2010,407806.41721536254,Kilotonne CO2 Equivalent
HFC Emissions,2011,420021.67282486963,Kilotonne CO2 Equivalent
HFC Emissions,2012,438664.2625863052,Kilotonne CO2 Equivalent
HFC Emissions,2013,453782.41329505004,Kilotonne CO2 Equivalent
HFC Emissions,2014,472861.18268140743,Kilotonne CO2 Equivalent
N2O Emissions,1990,1556359.5134100295,Kilotonne CO2 Equivalent
N2O Emissions,1991,1494172.4242131908,Kilotonne CO2 Equivalent
N2O Emissions,1992,1445218.6368264556,Kilotonne CO2 Equivalent
N2O Emissions,1993,1417992.0278778318,Kilotonne CO2 Equivalent
N2O Emissions,1994,1386908.6492243097,Kilotonne CO2 Equivalent
N2O Emissions,1995,1407812.7133384976,Kilotonne CO2 Equivalent
N2O Emissions,1996,1422482.934087128,Kilotonne CO2 Equivalent
N2O Emissions,1997,1393821.978274365,Kilotonne CO2 Equivalent
N2O Emissions,1998,1368095.6328968233,Kilotonne CO2 Equivalent
N2O Emissions,1999,1279029.591922318,Kilotonne CO2 Equivalent
N2O Emissions,2000,1275261.4816884112,Kilotonne CO2 Equivalent
N2O Emissions,2001,1257862.3719168885,Kilotonne CO2 Equivalent
N2O Emissions,2002,1237224.6550158309,Kilotonne CO2 Equivalent
N2O Emissions,2003,1230393.3258436704,Kilotonne CO2 Equivalent
N2O Emissions,2004,1272583.8001925738,Kilotonne CO2 Equivalent
N2O Emissions,2005,1222363.8319934485,Kilotonne CO2 Equivalent
N2O Emissions,2006,1215053.619526477,Kilotonne CO2 Equivalent
N2O Emissions,2007,1221696.622015451,Kilotonne CO2 Equivalent
N2O Emissions,2008,1180266.3738338726,Kilotonne CO2 Equivalent
N2O Emissions,2009,1149591.5598867326,Kilotonne CO2 Equivalent
N2O Emissions,2010,1146164.2075821087,Kilotonne CO2 Equivalent
N2O Emissions,2011,1145150.596085201,Kilotonne CO2 Equivalent
N2O Emissions,2012,1137160.3994524982,Kilotonne CO2 Equivalent
N2O Emissions,2013,1135355.0083141741,Kilotonne CO2 Equivalent
N2O Emissions,2014,1138728.785453111,Kilotonne CO2 Equivalent
NF3 Emissions,1990,128.68658206182,Kilotonne CO2 Equivalent
NF3 Emissions,1991,132.098590198568,Kilotonne CO2 Equivalent
NF3 Emissions,1992,135.85889129312,Kilotonne CO2 Equivalent
NF3 Emissions,1993,162.946566584292,Kilotonne CO2 Equivalent
NF3 Emissions,1994,207.91046889101602,Kilotonne CO2 Equivalent
NF3 Emissions,1995,373.294498692608,Kilotonne CO2 Equivalent
NF3 Emissions,1996,425.819593756192,Kilotonne CO2 Equivalent
NF3 Emissions,1997,477.569730909292,Kilotonne CO2 Equivalent
NF3 Emissions,1998,526.322273106936,Kilotonne CO2 Equivalent
NF3 Emissions,1999,525.9605002029721,Kilotonne CO2 Equivalent
NF3 Emissions,2000,623.614596478168,Kilotonne CO2 Equivalent
NF3 Emissions,2001,589.061017759868,Kilotonne CO2 Equivalent
NF3 Emissions,2002,1096.0711555140601,Kilotonne CO2 Equivalent
NF3 Emissions,2003,1125.751794823804,Kilotonne CO2 Equivalent
NF3 Emissions,2004,1183.69861576102,Kilotonne CO2 Equivalent
NF3 Emissions,2005,2058.0679991109364,Kilotonne CO2 Equivalent
NF3 Emissions,2006,2077.0179626421805,Kilotonne CO2 Equivalent
NF3 Emissions,2007,2111.2355474030282,Kilotonne CO2 Equivalent
NF3 Emissions,2008,2066.992034065076,Kilotonne CO2 Equivalent
NF3 Emissions,2009,1798.469369922108,Kilotonne CO2 Equivalent
NF3 Emissions,2010,2179.12843386032,Kilotonne CO2 Equivalent
NF3 Emissions,2011,2491.0436591683483,Kilotonne CO2 Equivalent
NF3 Emissions,2012,2074.333311536492,Kilotonne CO2 Equivalent
NF3 Emissions,2013,2098.531341460766,Kilotonne CO2 Equivalent
NF3 Emissions,2014,1470.387623316824,Kilotonne CO2 Equivalent
PFC Emissions,1990,115166.24582867218,Kilotonne CO2 Equivalent
PFC Emissions,1991,109225.97798472077,Kilotonne CO2 Equivalent
PFC Emissions,1992,95962.47361951794,Kilotonne CO2 Equivalent
PFC Emissions,1993,95226.95702412642,Kilotonne CO2 Equivalent
PFC Emissions,1994,92297.40950094069,Kilotonne CO2 Equivalent
PFC Emissions,1995,94519.86802658824,Kilotonne CO2 Equivalent
PFC Emissions,1996,93336.42950581992,Kilotonne CO2 Equivalent
PFC Emissions,1997,89011.20997142333,Kilotonne CO2 Equivalent
PFC Emissions,1998,82658.65968621678,Kilotonne CO2 Equivalent
PFC Emissions,1999,76289.08827485035,Kilotonne CO2 Equivalent
PFC Emissions,2000,70053.96521682573,Kilotonne CO2 Equivalent
PFC Emissions,2001,56608.94844159782,Kilotonne CO2 Equivalent
PFC Emissions,2002,59074.715586955426,Kilotonne CO2 Equivalent
PFC Emissions,2003,51235.909683451195,Kilotonne CO2 Equivalent
PFC Emissions,2004,47071.086459475635,Kilotonne CO2 Equivalent
PFC Emissions,2005,43533.01634208126,Kilotonne CO2 Equivalent
PFC Emissions,2006,39409.62199543601,Kilotonne CO2 Equivalent
PFC Emissions,2007,37308.5943286018,Kilotonne CO2 Equivalent
PFC Emissions,2008,31652.05766153618,Kilotonne CO2 Equivalent
PFC Emissions,2009,21681.546304407642,Kilotonne CO2 Equivalent
PFC Emissions,2010,22833.78859513347,Kilotonne CO2 Equivalent
PFC Emissions,2011,24989.449691313235,Kilotonne CO2 Equivalent
PFC Emissions,2012,22697.50271451296,Kilotonne CO2 Equivalent
PFC Emissions,2013,22625.735778131602,Kilotonne CO2 Equivalent
PFC Emissions,2014,20703.1926744619,Kilotonne CO2 Equivalent
SF6 Emissions,1990,72608.68305161713,Kilotonne CO2 Equivalent
SF6 Emissions,1991,73987.62500423392,Kilotonne CO2 Equivalent
SF6 Emissions,1992,74127.68994309421,Kilotonne CO2 Equivalent
SF6 Emissions,1993,74717.08596976685,Kilotonne CO2 Equivalent
SF6 Emissions,1994,75097.6635200333,Kilotonne CO2 Equivalent
SF6 Emissions,1995,77183.82144437138,Kilotonne CO2 Equivalent
SF6 Emissions,1996,77197.88197180373,Kilotonne CO2 Equivalent
SF6 Emissions,1997,70281.23104925074,Kilotonne CO2 Equivalent
SF6 Emissions,1998,65054.9622368907,Kilotonne CO2 Equivalent
SF6 Emissions,1999,55982.891987892275,Kilotonne CO2 Equivalent
SF6 Emissions,2000,51112.98981562309,Kilotonne CO2 Equivalent
SF6 Emissions,2001,47396.492659049705,Kilotonne CO2 Equivalent
SF6 Emissions,2002,43980.11808429455,Kilotonne CO2 Equivalent
SF6 Emissions,2003,42211.58291339335,Kilotonne CO2 Equivalent
SF6 Emissions,2004,40934.051152272405,Kilotonne CO2 Equivalent
SF6 Emissions,2005,39146.761709365994,Kilotonne CO2 Equivalent
SF6 Emissions,2006,37263.37609624524,Kilotonne CO2 Equivalent
SF6 Emissions,2007,33552.0575324331,Kilotonne CO2 Equivalent
SF6 Emissions,2008,30584.147231731222,Kilotonne CO2 Equivalent
SF6 Emissions,2009,26608.209178940422,Kilotonne CO2 Equivalent
SF6 Emissions,2010,26936.87297682599,Kilotonne CO2 Equivalent
SF6 Emissions,2011,26868.49808056535,Kilotonne CO2 Equivalent
SF6 Emissions,2012,29460.918448650657,Kilotonne CO2 Equivalent
SF6 Emissions,2013,27551.190682249424,Kilotonne CO2 Equivalent
SF6 Emissions,2014,23315.70590302256,Kilotonne CO2 Equivalent
Unspecified Emissions,1990,11704.6534512,Kilotonne CO2 Equivalent
Unspecified Emissions,1991,11040.347608,Kilotonne CO2 Equivalent
Unspecified Emissions,1992,11018.713884,Kilotonne CO2 Equivalent
Unspecified Emissions,1993,11018.2140724,Kilotonne CO2 Equivalent
Unspecified Emissions,1994,11567.9927896,Kilotonne CO2 Equivalent
Unspecified Emissions,1995,13311.224859599999,Kilotonne CO2 Equivalent
Unspecified Emissions,1996,11886.2248848,Kilotonne CO2 Equivalent
Unspecified Emissions,1997,12321.732928000001,Kilotonne CO2 Equivalent
Unspecified Emissions,1998,12687.6503376,Kilotonne CO2 Equivalent
Unspecified Emissions,1999,12491.4526108,Kilotonne CO2 Equivalent
Unspecified Emissions,2000,8522.7182932,Kilotonne CO2 Equivalent
Unspecified Emissions,2001,7881.295183599999,Kilotonne CO2 Equivalent
Unspecified Emissions,2002,8429.1768872,Kilotonne CO2 Equivalent
Unspecified Emissions,2003,7218.0748404000005,Kilotonne CO2 Equivalent
Unspecified Emissions,2004,7312.8448499999995,Kilotonne CO2 Equivalent
Unspecified Emissions,2005,7700.9819896,Kilotonne CO2 Equivalent
Unspecified Emissions,2006,7740.1715796,Kilotonne CO2 Equivalent
Unspecified Emissions,2007,7727.7844176,Kilotonne CO2 Equivalent
Unspecified Emissions,2008,8565.9995,Kilotonne CO2 Equivalent
Unspecified Emissions,2009,9583.185812400001,Kilotonne CO2 Equivalent
Unspecified Emissions,2010,8494.6810264,Kilotonne CO2 Equivalent
Unspecified Emissions,2011,8531.8253632,Kilotonne CO2 Equivalent
Unspecified Emissions,2012,8948.5895876,Kilotonne CO2 Equivalent
Unspecified Emissions,2013,9380.6155628,Kilotonne CO2 Equivalent
Unspecified Emissions,2014,9753.78967926,Kilotonne CO2 Equivalent
